Function Name,Inclusive Samples,Exclusive Samples,Inclusive Samples %,Exclusive Samples %,
"[Microsoft.VisualBasic.ni.dll]","16,045","14,743",99.47,91.40,
"[System.Windows.Forms.ni.dll]",768,755,4.76,4.68,
"[mscorlib.ni.dll]",376,181,2.33,1.12,
"[System.ni.dll]",110,110,0.68,0.68,
"[clr.dll]",56,54,0.35,0.33,
"[KernelBase.dll]",43,43,0.27,0.27,
"dynamicClass.IL_STUB_PInvoke",42,42,0.26,0.26,
"[ntdll.dll]",35,35,0.22,0.22,
"dynamicClass.IL_STUB_PInvoke",34,34,0.21,0.21,
"dynamicClass.IL_STUB_PInvoke",21,21,0.13,0.13,
"[SophosAmsiProvider.dll]",77,19,0.48,0.12,
"[System.Data.ni.dll]",81,16,0.50,0.10,
"VRCM.veeBOT.sec_refresh_Tick",367,11,2.28,0.07,
"VRCM.loc.Timer1_Tick",37,10,0.23,0.06,
"VRCM.veeBOT.Timer1_Tick",9,8,0.06,0.05,
"[kernel32.dll]",6,6,0.04,0.04,
"[System.Drawing.ni.dll]",4,4,0.02,0.02,
"VRCM.IdleTime.get_IdleTime",8,4,0.05,0.02,
"[System.Transactions.ni.dll]",3,3,0.02,0.02,
"MySql.Data.MySqlClient.MySqlConnection.get_State",3,3,0.02,0.02,
"VRCM.veeBOT.App_Timer_Tick",358,3,2.22,0.02,
"VRCM.veeBOT.get_lbl_lock",3,3,0.02,0.02,
"MySql.Data.MySqlClient.Statement.InternalBindParameters",16,2,0.10,0.01,
"VRCM.connection_module.mysql_data_str",310,2,1.92,0.01,
"[hmpalert.dll]",23,1,0.14,0.01,
"[user32.dll]",1,1,0.01,0.01,
"[wow64cpu.dll]",1,1,0.01,0.01,
"dynamicClass.IL_STUB_PInvoke",1,1,0.01,0.01,
"MySql.Data.MySqlClient.Driver.GetColumns",17,1,0.11,0.01,
"MySql.Data.MySqlClient.MySqlPacket.ReadString",7,1,0.04,0.01,
"MySql.Data.MySqlClient.MySqlPool.ReleaseConnection",4,1,0.02,0.01,
"MySql.Data.MySqlClient.MySqlStream.LoadPacket",49,1,0.30,0.01,
"MySql.Data.MySqlClient.MySqlStream.ReadFully",47,1,0.29,0.01,
"MySql.Data.MySqlClient.MySqlTrace.LogError",2,1,0.01,0.01,
"MySql.Data.MySqlClient.NativeDriver.ResetTimeout",1,1,0.01,0.01,
"MySql.Data.MySqlClient.TimedStream.Write",56,1,0.35,0.01,
"VRCM.loc.get_Label4",1,1,0.01,0.01,
"VRCM.loc.set_Panel6",1,1,0.01,0.01,
"VRCM.My.MyProject+ThreadSafeObjectProvider`1[System.__Canon].get_GetInstance",1,1,0.01,0.01,
"VRCM.public_declaration.Trim_Replace",3,1,0.02,0.01,
"VRCM.veeBOT.get_sbar_ist",1,1,0.01,0.01,
"VRCM.veeBOT.Insert_Tracking_Data",216,1,1.34,0.01,
"VRCM.veeBOT.Remainder_Tick",197,1,1.22,0.01,
"MyNetworkStream.Read",39,0,0.24,0.00,
"MyNetworkStream.Write",45,0,0.28,0.00,
"MySql.Data.Common.StreamCreator.CreateSocketStream",61,0,0.38,0.00,
"MySql.Data.Common.StreamCreator.GetStream",62,0,0.38,0.00,
"MySql.Data.MySqlClient.CharSetMap.GetCharacterSet",3,0,0.02,0.00,
"MySql.Data.MySqlClient.CharSetMap.GetEncoding",1,0,0.01,0.00,
"MySql.Data.MySqlClient.Driver.Close",3,0,0.02,0.00,
"MySql.Data.MySqlClient.Driver.Configure",1,0,0.01,0.00,
"MySql.Data.MySqlClient.Driver.Create",64,0,0.40,0.00,
"MySql.Data.MySqlClient.Driver.Dispose",2,0,0.01,0.00,
"MySql.Data.MySqlClient.Driver.GetResult",8,0,0.05,0.00,
"MySql.Data.MySqlClient.Driver.NextResult",32,0,0.20,0.00,
"MySql.Data.MySqlClient.Driver.Open",64,0,0.40,0.00,
"MySql.Data.MySqlClient.Driver.SendQuery",18,0,0.11,0.00,
"MySql.Data.MySqlClient.Driver.SetDatabase",22,0,0.14,0.00,
"MySql.Data.MySqlClient.MySqlCommand.ExecuteDbDataReader",65,0,0.40,0.00,
"MySql.Data.MySqlClient.MySqlCommand.ExecuteNonQuery",1,0,0.01,0.00,
"MySql.Data.MySqlClient.MySqlCommand.ExecuteReader",66,0,0.41,0.00,
"MySql.Data.MySqlClient.MySqlConnection.ChangeDatabase",23,0,0.14,0.00,
"MySql.Data.MySqlClient.MySqlConnection.Close",4,0,0.02,0.00,
"MySql.Data.MySqlClient.MySqlConnection.Open",163,0,1.01,0.00,
"MySql.Data.MySqlClient.MySqlConnectionStringBuilder.get_ConnectionReset",1,0,0.01,0.00,
"MySql.Data.MySqlClient.MySqlDataReader.NextResult",32,0,0.20,0.00,
"MySql.Data.MySqlClient.MySqlField.SetFieldEncoding",6,0,0.04,0.00,
"MySql.Data.MySqlClient.MySqlPacket.ReadLong",2,0,0.01,0.00,
"MySql.Data.MySqlClient.MySqlPool.EnqueueIdle",1,0,0.01,0.00,
"MySql.Data.MySqlClient.MySqlPool.GetConnection",133,0,0.82,0.00,
"MySql.Data.MySqlClient.MySqlPool.GetPooledConnection",126,0,0.78,0.00,
"MySql.Data.MySqlClient.MySqlPool.TryToGetDriver",133,0,0.82,0.00,
"MySql.Data.MySqlClient.MySqlPoolManager.CleanIdleConnections",1,0,0.01,0.00,
"MySql.Data.MySqlClient.MySqlPoolManager.ReleaseConnection",4,0,0.02,0.00,
"MySql.Data.MySqlClient.MySqlPoolManager.RemoveConnection",1,0,0.01,0.00,
"MySql.Data.MySqlClient.MySqlStream.ReadPacket",49,0,0.30,0.00,
"MySql.Data.MySqlClient.MySqlStream.SendPacket",56,0,0.35,0.00,
"MySql.Data.MySqlClient.MySqlTokenizer.FindToken",1,0,0.01,0.00,
"MySql.Data.MySqlClient.MySqlTokenizer.NextToken",11,0,0.07,0.00,
"MySql.Data.MySqlClient.NativeDriver.Close",1,0,0.01,0.00,
"MySql.Data.MySqlClient.NativeDriver.ExecutePacket",56,0,0.35,0.00,
"MySql.Data.MySqlClient.NativeDriver.GetColumnData",15,0,0.09,0.00,
"MySql.Data.MySqlClient.NativeDriver.GetColumnsData",15,0,0.09,0.00,
"MySql.Data.MySqlClient.NativeDriver.GetResult",8,0,0.05,0.00,
"MySql.Data.MySqlClient.NativeDriver.Open",64,0,0.40,0.00,
"MySql.Data.MySqlClient.NativeDriver.Ping",62,0,0.38,0.00,
"MySql.Data.MySqlClient.NativeDriver.ReadOk",46,0,0.29,0.00,
"MySql.Data.MySqlClient.NativeDriver.SendQuery",18,0,0.11,0.00,
"MySql.Data.MySqlClient.NativeDriver.SetDatabase",22,0,0.14,0.00,
"MySql.Data.MySqlClient.PerformanceMonitor..ctor",1,0,0.01,0.00,
"MySql.Data.MySqlClient.PreparableStatement.Execute",16,0,0.10,0.00,
"MySql.Data.MySqlClient.PreparableStatement.ExecuteNext",18,0,0.11,0.00,
"MySql.Data.MySqlClient.Properties.Resources.get_PerfMonCategoryName",1,0,0.01,0.00,
"MySql.Data.MySqlClient.ResultSet..ctor",24,0,0.15,0.00,
"MySql.Data.MySqlClient.ResultSet.LoadColumns",20,0,0.12,0.00,
"MySql.Data.MySqlClient.Statement.BindParameters",16,0,0.10,0.00,
"MySql.Data.MySqlClient.Statement.ExecuteNext",18,0,0.11,0.00,
"MySql.Data.MySqlClient.TimedStream.Read",44,0,0.27,0.00,
"MySql.Data.MySqlClient.TimedStream.StartTimer",13,0,0.08,0.00,
"MySql.Data.MySqlClient.TimedStream.StopTimer",1,0,0.01,0.00,
"VRCM.connection_module.call_connect",164,0,1.02,0.00,
"VRCM.connection_module.call_disconnect",5,0,0.03,0.00,
"VRCM.loc..ctor",167,0,1.04,0.00,
"VRCM.loc.Button1_Click_1",75,0,0.46,0.00,
"VRCM.loc.Dispose",48,0,0.30,0.00,
"VRCM.loc.InitializeComponent",136,0,0.84,0.00,
"VRCM.loc.load_combo",84,0,0.52,0.00,
"VRCM.loc.loc_Load",145,0,0.90,0.00,
"VRCM.loc.update_break_details",29,0,0.18,0.00,
"VRCM.Messenger..ctor",5,0,0.03,0.00,
"VRCM.Messenger.Dispose",1,0,0.01,0.00,
"VRCM.Messenger.InitializeComponent",3,0,0.02,0.00,
"VRCM.Messenger.Messenger_Load",3,0,0.02,0.00,
"VRCM.My.MyApplication.Main","16,045",0,99.47,0.00,
"VRCM.My.MyProject.get_Forms",1,0,0.01,0.00,
"VRCM.My.MyProject+MyForms.Create__Instance__",177,0,1.10,0.00,
"VRCM.My.MyProject+MyForms.get_loc",167,0,1.04,0.00,
"VRCM.My.MyProject+MyForms.get_NativeMethods",10,0,0.06,0.00,
"VRCM.NativeMethods..ctor",9,0,0.06,0.00,
"VRCM.NativeMethods.activate_lock_screen",1,0,0.01,0.00,
"VRCM.NativeMethods.Dispose",11,0,0.07,0.00,
"VRCM.NativeMethods.InitializeComponent",8,0,0.05,0.00,
"VRCM.NativeMethods.Timer1_Tick",11,0,0.07,0.00,
"VRCM.NativeMethods.Windows_Lock_Load",9,0,0.06,0.00,
"VRCM.public_declaration.create_messengers",22,0,0.14,0.00,
"VRCM.public_declaration.get_emp_id_from_full_name",1,0,0.01,0.00,
"VRCM.public_declaration.get_server_time",7,0,0.04,0.00,
"VRCM.public_declaration.mysql_date_format",2,0,0.01,0.00,
"VRCM.veeBOT.auto_sign_out",1,0,0.01,0.00,
"VRCM.veeBOT.auto_signout_Tick",4,0,0.02,0.00,
"VRCM.veeBOT.get_messenger_message",124,0,0.77,0.00,
"VRCM.veeBOT.GetWindowTitle",98,0,0.61,0.00,
"VRCM.veeBOT.hlk_Messenger",1,0,0.01,0.00,
"VRCM.veeBOT.Messenger_Refresh",128,0,0.79,0.00,
"VRCM.veeBOT.SystemEvents_Sessionswitch",407,0,2.52,0.00,
