Level,Function Name,Inclusive Samples,Exclusive Samples,Inclusive Samples %,Exclusive Samples %,Module Name,
0,"VRCM.exe","16,131",0,100.00,0.00,"",
0,"VRCM.My.MyApplication.Main","16,045",0,99.47,0.00,"VRCM.exe",
1,"[Microsoft.VisualBasic.ni.dll]","16,045","14,433",99.47,89.47,"Microsoft.VisualBasic.ni.dll",
2,"VRCM.veeBOT.SystemEvents_Sessionswitch",407,0,2.52,0.00,"VRCM.exe",
3,"[System.Windows.Forms.ni.dll]",392,245,2.43,1.52,"System.Windows.Forms.ni.dll",
4,"VRCM.loc.loc_Load",145,0,0.90,0.00,"VRCM.exe",
5,"VRCM.loc.load_combo",84,0,0.52,0.00,"VRCM.exe",
6,"[System.Windows.Forms.ni.dll]",84,84,0.52,0.52,"System.Windows.Forms.ni.dll",
5,"[System.Windows.Forms.ni.dll]",60,60,0.37,0.37,"System.Windows.Forms.ni.dll",
5,"[clr.dll]",1,1,0.01,0.01,"clr.dll",
4,"[hmpalert.dll]",2,0,0.01,0.00,"hmpalert.dll",
5,"[ntdll.dll]",2,2,0.01,0.01,"ntdll.dll",
3,"VRCM.connection_module.mysql_data_str",8,0,0.05,0.00,"VRCM.exe",
4,"VRCM.connection_module.call_connect",4,0,0.02,0.00,"VRCM.exe",
5,"MySql.Data.MySqlClient.MySqlConnection.Open",3,0,0.02,0.00,"MySql.Data.dll",
6,"MySql.Data.MySqlClient.MySqlConnection.ChangeDatabase",2,0,0.01,0.00,"MySql.Data.dll",
7,"MySql.Data.MySqlClient.Driver.SetDatabase",2,0,0.01,0.00,"MySql.Data.dll",
8,"MySql.Data.MySqlClient.NativeDriver.SetDatabase",2,0,0.01,0.00,"MySql.Data.dll",
9,"MySql.Data.MySqlClient.NativeDriver.ReadOk",1,0,0.01,0.00,"MySql.Data.dll",
10,"MySql.Data.MySqlClient.MySqlStream.ReadPacket",1,0,0.01,0.00,"MySql.Data.dll",
11,"MySql.Data.MySqlClient.MySqlStream.LoadPacket",1,0,0.01,0.00,"MySql.Data.dll",
12,"MySql.Data.MySqlClient.MySqlStream.ReadFully",1,0,0.01,0.00,"MySql.Data.dll",
13,"[mscorlib.ni.dll]",1,0,0.01,0.00,"mscorlib.ni.dll",
14,"MySql.Data.MySqlClient.TimedStream.Read",1,0,0.01,0.00,"MySql.Data.dll",
15,"MySql.Data.MySqlClient.TimedStream.StartTimer",1,0,0.01,0.00,"MySql.Data.dll",
16,"[System.ni.dll]",1,1,0.01,0.01,"System.ni.dll",
9,"MySql.Data.MySqlClient.NativeDriver.ExecutePacket",1,0,0.01,0.00,"MySql.Data.dll",
10,"MySql.Data.MySqlClient.MySqlStream.SendPacket",1,0,0.01,0.00,"MySql.Data.dll",
11,"MySql.Data.MySqlClient.TimedStream.Write",1,0,0.01,0.00,"MySql.Data.dll",
12,"MyNetworkStream.Write",1,0,0.01,0.00,"MySql.Data.dll",
13,"[System.ni.dll]",1,1,0.01,0.01,"System.ni.dll",
6,"MySql.Data.MySqlClient.MySqlPool.GetConnection",1,0,0.01,0.00,"MySql.Data.dll",
7,"MySql.Data.MySqlClient.MySqlPool.TryToGetDriver",1,0,0.01,0.00,"MySql.Data.dll",
8,"MySql.Data.MySqlClient.MySqlPool.GetPooledConnection",1,0,0.01,0.00,"MySql.Data.dll",
9,"MySql.Data.MySqlClient.NativeDriver.Ping",1,0,0.01,0.00,"MySql.Data.dll",
10,"MySql.Data.MySqlClient.NativeDriver.ExecutePacket",1,0,0.01,0.00,"MySql.Data.dll",
11,"MySql.Data.MySqlClient.MySqlStream.SendPacket",1,0,0.01,0.00,"MySql.Data.dll",
12,"MySql.Data.MySqlClient.TimedStream.Write",1,0,0.01,0.00,"MySql.Data.dll",
13,"MyNetworkStream.Write",1,0,0.01,0.00,"MySql.Data.dll",
14,"[System.ni.dll]",1,1,0.01,0.01,"System.ni.dll",
5,"[System.Transactions.ni.dll]",1,1,0.01,0.01,"System.Transactions.ni.dll",
4,"[System.Data.ni.dll]",3,1,0.02,0.01,"System.Data.ni.dll",
5,"MySql.Data.MySqlClient.MySqlCommand.ExecuteDbDataReader",2,0,0.01,0.00,"MySql.Data.dll",
6,"MySql.Data.MySqlClient.MySqlCommand.ExecuteReader",2,0,0.01,0.00,"MySql.Data.dll",
7,"MySql.Data.MySqlClient.MySqlDataReader.NextResult",1,0,0.01,0.00,"MySql.Data.dll",
8,"MySql.Data.MySqlClient.Driver.NextResult",1,0,0.01,0.00,"MySql.Data.dll",
9,"MySql.Data.MySqlClient.Driver.GetResult",1,0,0.01,0.00,"MySql.Data.dll",
10,"MySql.Data.MySqlClient.NativeDriver.GetResult",1,0,0.01,0.00,"MySql.Data.dll",
11,"MySql.Data.MySqlClient.MySqlStream.ReadPacket",1,0,0.01,0.00,"MySql.Data.dll",
12,"MySql.Data.MySqlClient.MySqlStream.LoadPacket",1,0,0.01,0.00,"MySql.Data.dll",
13,"MySql.Data.MySqlClient.MySqlStream.ReadFully",1,0,0.01,0.00,"MySql.Data.dll",
14,"[mscorlib.ni.dll]",1,0,0.01,0.00,"mscorlib.ni.dll",
15,"MySql.Data.MySqlClient.TimedStream.Read",1,0,0.01,0.00,"MySql.Data.dll",
16,"MyNetworkStream.Read",1,0,0.01,0.00,"MySql.Data.dll",
17,"[System.ni.dll]",1,1,0.01,0.01,"System.ni.dll",
7,"MySql.Data.MySqlClient.PreparableStatement.ExecuteNext",1,0,0.01,0.00,"MySql.Data.dll",
8,"MySql.Data.MySqlClient.Statement.ExecuteNext",1,0,0.01,0.00,"MySql.Data.dll",
9,"MySql.Data.MySqlClient.Driver.SendQuery",1,0,0.01,0.00,"MySql.Data.dll",
10,"MySql.Data.MySqlClient.NativeDriver.SendQuery",1,0,0.01,0.00,"MySql.Data.dll",
11,"MySql.Data.MySqlClient.NativeDriver.ExecutePacket",1,0,0.01,0.00,"MySql.Data.dll",
12,"MySql.Data.MySqlClient.MySqlStream.SendPacket",1,0,0.01,0.00,"MySql.Data.dll",
13,"MySql.Data.MySqlClient.TimedStream.Write",1,0,0.01,0.00,"MySql.Data.dll",
14,"MyNetworkStream.Write",1,0,0.01,0.00,"MySql.Data.dll",
15,"[System.ni.dll]",1,1,0.01,0.01,"System.ni.dll",
4,"VRCM.connection_module.call_disconnect",1,0,0.01,0.00,"VRCM.exe",
5,"MySql.Data.MySqlClient.MySqlConnection.Close",1,0,0.01,0.00,"MySql.Data.dll",
6,"MySql.Data.MySqlClient.MySqlPoolManager.ReleaseConnection",1,0,0.01,0.00,"MySql.Data.dll",
7,"MySql.Data.MySqlClient.MySqlPool.ReleaseConnection",1,0,0.01,0.00,"MySql.Data.dll",
8,"[mscorlib.ni.dll]",1,1,0.01,0.01,"mscorlib.ni.dll",
3,"VRCM.public_declaration.get_server_time",6,0,0.04,0.00,"VRCM.exe",
4,"VRCM.connection_module.mysql_data_str",5,0,0.03,0.00,"VRCM.exe",
5,"[System.Data.ni.dll]",4,2,0.02,0.01,"System.Data.ni.dll",
6,"MySql.Data.MySqlClient.MySqlCommand.ExecuteDbDataReader",2,0,0.01,0.00,"MySql.Data.dll",
7,"MySql.Data.MySqlClient.MySqlCommand.ExecuteReader",2,0,0.01,0.00,"MySql.Data.dll",
8,"MySql.Data.MySqlClient.PreparableStatement.ExecuteNext",2,0,0.01,0.00,"MySql.Data.dll",
9,"MySql.Data.MySqlClient.Statement.ExecuteNext",2,0,0.01,0.00,"MySql.Data.dll",
10,"MySql.Data.MySqlClient.Driver.SendQuery",2,0,0.01,0.00,"MySql.Data.dll",
11,"MySql.Data.MySqlClient.NativeDriver.SendQuery",2,0,0.01,0.00,"MySql.Data.dll",
12,"MySql.Data.MySqlClient.NativeDriver.ExecutePacket",2,0,0.01,0.00,"MySql.Data.dll",
13,"MySql.Data.MySqlClient.MySqlStream.SendPacket",2,0,0.01,0.00,"MySql.Data.dll",
14,"MySql.Data.MySqlClient.TimedStream.Write",2,0,0.01,0.00,"MySql.Data.dll",
15,"MyNetworkStream.Write",2,0,0.01,0.00,"MySql.Data.dll",
16,"[System.ni.dll]",2,2,0.01,0.01,"System.ni.dll",
5,"VRCM.connection_module.call_connect",1,0,0.01,0.00,"VRCM.exe",
6,"MySql.Data.MySqlClient.MySqlConnection.Open",1,0,0.01,0.00,"MySql.Data.dll",
7,"MySql.Data.MySqlClient.MySqlConnection.ChangeDatabase",1,0,0.01,0.00,"MySql.Data.dll",
8,"MySql.Data.MySqlClient.Driver.SetDatabase",1,0,0.01,0.00,"MySql.Data.dll",
9,"MySql.Data.MySqlClient.NativeDriver.SetDatabase",1,0,0.01,0.00,"MySql.Data.dll",
10,"[mscorlib.ni.dll]",1,1,0.01,0.01,"mscorlib.ni.dll",
4,"[mscorlib.ni.dll]",1,1,0.01,0.01,"mscorlib.ni.dll",
3,"[Microsoft.VisualBasic.ni.dll]",1,1,0.01,0.01,"Microsoft.VisualBasic.ni.dll",
2,"VRCM.veeBOT.sec_refresh_Tick",367,11,2.28,0.07,"VRCM.exe",
3,"[Microsoft.VisualBasic.ni.dll]",265,265,1.64,1.64,"Microsoft.VisualBasic.ni.dll",
3,"[System.Windows.Forms.ni.dll]",57,48,0.35,0.30,"System.Windows.Forms.ni.dll",
4,"VRCM.NativeMethods.Windows_Lock_Load",9,0,0.06,0.00,"VRCM.exe",
5,"[System.Windows.Forms.ni.dll]",8,8,0.05,0.05,"System.Windows.Forms.ni.dll",
5,"VRCM.NativeMethods.activate_lock_screen",1,0,0.01,0.00,"VRCM.exe",
6,"[System.Windows.Forms.ni.dll]",1,1,0.01,0.01,"System.Windows.Forms.ni.dll",
3,"[clr.dll]",10,10,0.06,0.06,"clr.dll",
3,"VRCM.My.MyProject+MyForms.get_NativeMethods",10,0,0.06,0.00,"VRCM.exe",
4,"VRCM.My.MyProject+MyForms.Create__Instance__",10,0,0.06,0.00,"VRCM.exe",
5,"[mscorlib.ni.dll]",10,1,0.06,0.01,"mscorlib.ni.dll",
6,"VRCM.NativeMethods..ctor",9,0,0.06,0.00,"VRCM.exe",
7,"VRCM.NativeMethods.InitializeComponent",8,0,0.05,0.00,"VRCM.exe",
8,"[System.Windows.Forms.ni.dll]",4,4,0.02,0.02,"System.Windows.Forms.ni.dll",
8,"[clr.dll]",3,3,0.02,0.02,"clr.dll",
8,"[System.Drawing.ni.dll]",1,1,0.01,0.01,"System.Drawing.ni.dll",
7,"[clr.dll]",1,0,0.01,0.00,"clr.dll",
8,"[hmpalert.dll]",1,0,0.01,0.00,"hmpalert.dll",
9,"[ntdll.dll]",1,1,0.01,0.01,"ntdll.dll",
3,"[mscorlib.ni.dll]",6,6,0.04,0.04,"mscorlib.ni.dll",
3,"VRCM.IdleTime.get_IdleTime",6,2,0.04,0.01,"VRCM.exe",
4,"[clr.dll]",2,2,0.01,0.01,"clr.dll",
4,"[mscorlib.ni.dll]",1,1,0.01,0.01,"mscorlib.ni.dll",
4,"dynamicClass.IL_STUB_PInvoke",1,1,0.01,0.01,"System.Management.dll",
3,"[kernel32.dll]",2,2,0.01,0.01,"kernel32.dll",
2,"VRCM.veeBOT.App_Timer_Tick",358,3,2.22,0.02,"VRCM.exe",
3,"VRCM.veeBOT.Insert_Tracking_Data",216,1,1.34,0.01,"VRCM.exe",
4,"VRCM.My.MyProject+MyForms.get_loc",118,0,0.73,0.00,"VRCM.exe",
5,"VRCM.My.MyProject+MyForms.Create__Instance__",118,0,0.73,0.00,"VRCM.exe",
6,"[mscorlib.ni.dll]",118,0,0.73,0.00,"mscorlib.ni.dll",
7,"VRCM.loc..ctor",118,0,0.73,0.00,"VRCM.exe",
8,"VRCM.loc.InitializeComponent",95,0,0.59,0.00,"VRCM.exe",
9,"[System.Windows.Forms.ni.dll]",91,91,0.56,0.56,"System.Windows.Forms.ni.dll",
9,"[System.Drawing.ni.dll]",2,2,0.01,0.01,"System.Drawing.ni.dll",
9,"[clr.dll]",1,1,0.01,0.01,"clr.dll",
9,"VRCM.loc.set_Panel6",1,1,0.01,0.01,"VRCM.exe",
8,"[mscorlib.ni.dll]",19,19,0.12,0.12,"mscorlib.ni.dll",
8,"[System.Windows.Forms.ni.dll]",4,4,0.02,0.02,"System.Windows.Forms.ni.dll",
4,"[System.Windows.Forms.ni.dll]",94,94,0.58,0.58,"System.Windows.Forms.ni.dll",
4,"VRCM.public_declaration.Trim_Replace",2,0,0.01,0.00,"VRCM.exe",
5,"[clr.dll]",1,1,0.01,0.01,"clr.dll",
5,"[mscorlib.ni.dll]",1,1,0.01,0.01,"mscorlib.ni.dll",
4,"VRCM.My.MyProject.get_Forms",1,0,0.01,0.00,"VRCM.exe",
5,"VRCM.My.MyProject+ThreadSafeObjectProvider`1[System.__Canon].get_GetInstance",1,1,0.01,0.01,"VRCM.exe",
3,"VRCM.veeBOT.GetWindowTitle",98,0,0.61,0.00,"VRCM.exe",
4,"dynamicClass.IL_STUB_PInvoke",42,42,0.26,0.26,"System.Management.dll",
4,"dynamicClass.IL_STUB_PInvoke",34,34,0.21,0.21,"System.Management.dll",
4,"[mscorlib.ni.dll]",14,14,0.09,0.09,"mscorlib.ni.dll",
4,"[Microsoft.VisualBasic.ni.dll]",5,5,0.03,0.03,"Microsoft.VisualBasic.ni.dll",
4,"[clr.dll]",2,2,0.01,0.01,"clr.dll",
4,"[user32.dll]",1,1,0.01,0.01,"user32.dll",
3,"dynamicClass.IL_STUB_PInvoke",21,21,0.13,0.13,"System.Management.dll",
3,"[Microsoft.VisualBasic.ni.dll]",11,11,0.07,0.07,"Microsoft.VisualBasic.ni.dll",
3,"[mscorlib.ni.dll]",4,4,0.02,0.02,"mscorlib.ni.dll",
3,"[clr.dll]",3,3,0.02,0.02,"clr.dll",
3,"[kernel32.dll]",1,1,0.01,0.01,"kernel32.dll",
3,"VRCM.public_declaration.Trim_Replace",1,1,0.01,0.01,"VRCM.exe",
2,"VRCM.veeBOT.Remainder_Tick",197,1,1.22,0.01,"VRCM.exe",
3,"VRCM.connection_module.mysql_data_str",191,1,1.18,0.01,"VRCM.exe",
4,"VRCM.connection_module.call_connect",121,0,0.75,0.00,"VRCM.exe",
5,"MySql.Data.MySqlClient.MySqlConnection.Open",121,0,0.75,0.00,"MySql.Data.dll",
6,"MySql.Data.MySqlClient.MySqlPool.GetConnection",104,0,0.64,0.00,"MySql.Data.dll",
7,"MySql.Data.MySqlClient.MySqlPool.TryToGetDriver",104,0,0.64,0.00,"MySql.Data.dll",
8,"MySql.Data.MySqlClient.MySqlPool.GetPooledConnection",98,0,0.61,0.00,"MySql.Data.dll",
9,"MySql.Data.MySqlClient.NativeDriver.Ping",49,0,0.30,0.00,"MySql.Data.dll",
10,"MySql.Data.MySqlClient.NativeDriver.ReadOk",37,0,0.23,0.00,"MySql.Data.dll",
11,"MySql.Data.MySqlClient.MySqlStream.ReadPacket",32,0,0.20,0.00,"MySql.Data.dll",
12,"MySql.Data.MySqlClient.MySqlStream.LoadPacket",32,0,0.20,0.00,"MySql.Data.dll",
13,"MySql.Data.MySqlClient.MySqlStream.ReadFully",31,0,0.19,0.00,"MySql.Data.dll",
14,"[mscorlib.ni.dll]",31,0,0.19,0.00,"mscorlib.ni.dll",
15,"MySql.Data.MySqlClient.TimedStream.Read",31,0,0.19,0.00,"MySql.Data.dll",
16,"MyNetworkStream.Read",31,0,0.19,0.00,"MySql.Data.dll",
17,"[System.ni.dll]",28,28,0.17,0.17,"System.ni.dll",
17,"[clr.dll]",3,3,0.02,0.02,"clr.dll",
13,"[clr.dll]",1,1,0.01,0.01,"clr.dll",
11,"MySql.Data.MySqlClient.Driver.Close",3,0,0.02,0.00,"MySql.Data.dll",
12,"MySql.Data.MySqlClient.Driver.Dispose",2,0,0.01,0.00,"MySql.Data.dll",
13,"[clr.dll]",1,1,0.01,0.01,"clr.dll",
13,"MySql.Data.MySqlClient.NativeDriver.Close",1,0,0.01,0.00,"MySql.Data.dll",
14,"MySql.Data.MySqlClient.NativeDriver.ExecutePacket",1,0,0.01,0.00,"MySql.Data.dll",
15,"MySql.Data.MySqlClient.MySqlStream.SendPacket",1,0,0.01,0.00,"MySql.Data.dll",
16,"MySql.Data.MySqlClient.TimedStream.Write",1,0,0.01,0.00,"MySql.Data.dll",
17,"MyNetworkStream.Write",1,0,0.01,0.00,"MySql.Data.dll",
18,"[System.ni.dll]",1,1,0.01,0.01,"System.ni.dll",
12,"MySql.Data.MySqlClient.MySqlPoolManager.RemoveConnection",1,0,0.01,0.00,"MySql.Data.dll",
13,"[clr.dll]",1,1,0.01,0.01,"clr.dll",
11,"[clr.dll]",1,1,0.01,0.01,"clr.dll",
11,"MySql.Data.MySqlClient.MySqlPacket.ReadLong",1,0,0.01,0.00,"MySql.Data.dll",
12,"[mscorlib.ni.dll]",1,1,0.01,0.01,"mscorlib.ni.dll",
10,"MySql.Data.MySqlClient.NativeDriver.ExecutePacket",12,0,0.07,0.00,"MySql.Data.dll",
11,"MySql.Data.MySqlClient.MySqlStream.SendPacket",12,0,0.07,0.00,"MySql.Data.dll",
12,"MySql.Data.MySqlClient.TimedStream.Write",12,1,0.07,0.01,"MySql.Data.dll",
13,"MyNetworkStream.Write",8,0,0.05,0.00,"MySql.Data.dll",
14,"[System.ni.dll]",8,8,0.05,0.05,"System.ni.dll",
13,"MySql.Data.MySqlClient.TimedStream.StartTimer",3,0,0.02,0.00,"MySql.Data.dll",
14,"[System.ni.dll]",3,3,0.02,0.02,"System.ni.dll",
9,"MySql.Data.MySqlClient.Driver.Create",49,0,0.30,0.00,"MySql.Data.dll",
10,"MySql.Data.MySqlClient.Driver.Open",49,0,0.30,0.00,"MySql.Data.dll",
11,"MySql.Data.MySqlClient.NativeDriver.Open",49,0,0.30,0.00,"MySql.Data.dll",
12,"MySql.Data.Common.StreamCreator.GetStream",47,0,0.29,0.00,"MySql.Data.dll",
13,"MySql.Data.Common.StreamCreator.CreateSocketStream",47,0,0.29,0.00,"MySql.Data.dll",
14,"[mscorlib.ni.dll]",41,41,0.25,0.25,"mscorlib.ni.dll",
14,"[System.ni.dll]",6,6,0.04,0.04,"System.ni.dll",
12,"[clr.dll]",2,2,0.01,0.01,"clr.dll",
8,"[clr.dll]",2,2,0.01,0.01,"clr.dll",
8,"MySql.Data.MySqlClient.MySqlTrace.LogError",2,1,0.01,0.01,"MySql.Data.dll",
9,"[System.ni.dll]",1,1,0.01,0.01,"System.ni.dll",
8,"MySql.Data.MySqlClient.MySqlConnectionStringBuilder.get_ConnectionReset",1,0,0.01,0.00,"MySql.Data.dll",
9,"[mscorlib.ni.dll]",1,1,0.01,0.01,"mscorlib.ni.dll",
8,"MySql.Data.MySqlClient.NativeDriver.ResetTimeout",1,1,0.01,0.01,"MySql.Data.dll",
6,"MySql.Data.MySqlClient.MySqlConnection.ChangeDatabase",12,0,0.07,0.00,"MySql.Data.dll",
7,"MySql.Data.MySqlClient.Driver.SetDatabase",12,0,0.07,0.00,"MySql.Data.dll",
8,"MySql.Data.MySqlClient.NativeDriver.SetDatabase",12,0,0.07,0.00,"MySql.Data.dll",
9,"MySql.Data.MySqlClient.NativeDriver.ReadOk",6,0,0.04,0.00,"MySql.Data.dll",
10,"MySql.Data.MySqlClient.MySqlStream.ReadPacket",5,0,0.03,0.00,"MySql.Data.dll",
11,"MySql.Data.MySqlClient.MySqlStream.LoadPacket",5,0,0.03,0.00,"MySql.Data.dll",
12,"MySql.Data.MySqlClient.MySqlStream.ReadFully",5,0,0.03,0.00,"MySql.Data.dll",
13,"[mscorlib.ni.dll]",5,0,0.03,0.00,"mscorlib.ni.dll",
14,"MySql.Data.MySqlClient.TimedStream.Read",5,0,0.03,0.00,"MySql.Data.dll",
15,"MyNetworkStream.Read",2,0,0.01,0.00,"MySql.Data.dll",
16,"[System.ni.dll]",2,2,0.01,0.01,"System.ni.dll",
15,"MySql.Data.MySqlClient.TimedStream.StopTimer",1,0,0.01,0.00,"MySql.Data.dll",
16,"[KernelBase.dll]",1,1,0.01,0.01,"KernelBase.dll",
15,"[System.ni.dll]",1,1,0.01,0.01,"System.ni.dll",
15,"MySql.Data.MySqlClient.TimedStream.StartTimer",1,0,0.01,0.00,"MySql.Data.dll",
16,"[System.ni.dll]",1,1,0.01,0.01,"System.ni.dll",
10,"MySql.Data.MySqlClient.MySqlPacket.ReadLong",1,0,0.01,0.00,"MySql.Data.dll",
11,"[mscorlib.ni.dll]",1,1,0.01,0.01,"mscorlib.ni.dll",
9,"MySql.Data.MySqlClient.NativeDriver.ExecutePacket",6,0,0.04,0.00,"MySql.Data.dll",
10,"MySql.Data.MySqlClient.MySqlStream.SendPacket",6,0,0.04,0.00,"MySql.Data.dll",
11,"MySql.Data.MySqlClient.TimedStream.Write",6,0,0.04,0.00,"MySql.Data.dll",
12,"MyNetworkStream.Write",6,0,0.04,0.00,"MySql.Data.dll",
13,"[System.ni.dll]",6,6,0.04,0.04,"System.ni.dll",
6,"[clr.dll]",3,3,0.02,0.02,"clr.dll",
6,"[System.Transactions.ni.dll]",1,1,0.01,0.01,"System.Transactions.ni.dll",
6,"MySql.Data.MySqlClient.PerformanceMonitor..ctor",1,0,0.01,0.00,"MySql.Data.dll",
7,"MySql.Data.MySqlClient.Properties.Resources.get_PerfMonCategoryName",1,0,0.01,0.00,"MySql.Data.dll",
8,"[mscorlib.ni.dll]",1,1,0.01,0.01,"mscorlib.ni.dll",
4,"[System.Data.ni.dll]",34,7,0.21,0.04,"System.Data.ni.dll",
5,"MySql.Data.MySqlClient.MySqlCommand.ExecuteDbDataReader",27,0,0.17,0.00,"MySql.Data.dll",
6,"MySql.Data.MySqlClient.MySqlCommand.ExecuteReader",27,0,0.17,0.00,"MySql.Data.dll",
7,"MySql.Data.MySqlClient.MySqlDataReader.NextResult",21,0,0.13,0.00,"MySql.Data.dll",
8,"MySql.Data.MySqlClient.Driver.NextResult",21,0,0.13,0.00,"MySql.Data.dll",
9,"MySql.Data.MySqlClient.ResultSet..ctor",19,0,0.12,0.00,"MySql.Data.dll",
10,"MySql.Data.MySqlClient.ResultSet.LoadColumns",18,0,0.11,0.00,"MySql.Data.dll",
11,"MySql.Data.MySqlClient.Driver.GetColumns",15,1,0.09,0.01,"MySql.Data.dll",
12,"MySql.Data.MySqlClient.NativeDriver.GetColumnsData",14,0,0.09,0.00,"MySql.Data.dll",
13,"MySql.Data.MySqlClient.NativeDriver.GetColumnData",14,0,0.09,0.00,"MySql.Data.dll",
14,"MySql.Data.MySqlClient.MySqlField.SetFieldEncoding",6,0,0.04,0.00,"MySql.Data.dll",
15,"[mscorlib.ni.dll]",3,3,0.02,0.02,"mscorlib.ni.dll",
15,"MySql.Data.MySqlClient.CharSetMap.GetCharacterSet",2,0,0.01,0.00,"MySql.Data.dll",
16,"[mscorlib.ni.dll]",2,2,0.01,0.01,"mscorlib.ni.dll",
15,"MySql.Data.MySqlClient.CharSetMap.GetEncoding",1,0,0.01,0.00,"MySql.Data.dll",
16,"MySql.Data.MySqlClient.CharSetMap.GetCharacterSet",1,0,0.01,0.00,"MySql.Data.dll",
17,"[mscorlib.ni.dll]",1,1,0.01,0.01,"mscorlib.ni.dll",
14,"MySql.Data.MySqlClient.MySqlPacket.ReadString",6,0,0.04,0.00,"MySql.Data.dll",
15,"[mscorlib.ni.dll]",6,6,0.04,0.04,"mscorlib.ni.dll",
14,"[mscorlib.ni.dll]",1,1,0.01,0.01,"mscorlib.ni.dll",
14,"MySql.Data.MySqlClient.MySqlStream.ReadPacket",1,0,0.01,0.00,"MySql.Data.dll",
15,"MySql.Data.MySqlClient.MySqlStream.LoadPacket",1,0,0.01,0.00,"MySql.Data.dll",
16,"MySql.Data.MySqlClient.MySqlStream.ReadFully",1,0,0.01,0.00,"MySql.Data.dll",
17,"[mscorlib.ni.dll]",1,1,0.01,0.01,"mscorlib.ni.dll",
11,"[mscorlib.ni.dll]",3,3,0.02,0.02,"mscorlib.ni.dll",
10,"[mscorlib.ni.dll]",1,1,0.01,0.01,"mscorlib.ni.dll",
9,"MySql.Data.MySqlClient.Driver.GetResult",2,0,0.01,0.00,"MySql.Data.dll",
10,"MySql.Data.MySqlClient.NativeDriver.GetResult",2,0,0.01,0.00,"MySql.Data.dll",
11,"MySql.Data.MySqlClient.MySqlStream.ReadPacket",2,0,0.01,0.00,"MySql.Data.dll",
12,"MySql.Data.MySqlClient.MySqlStream.LoadPacket",2,0,0.01,0.00,"MySql.Data.dll",
13,"MySql.Data.MySqlClient.MySqlStream.ReadFully",2,0,0.01,0.00,"MySql.Data.dll",
14,"[mscorlib.ni.dll]",2,0,0.01,0.00,"mscorlib.ni.dll",
15,"MySql.Data.MySqlClient.TimedStream.Read",2,0,0.01,0.00,"MySql.Data.dll",
16,"MyNetworkStream.Read",2,0,0.01,0.00,"MySql.Data.dll",
17,"[System.ni.dll]",2,2,0.01,0.01,"System.ni.dll",
7,"MySql.Data.MySqlClient.PreparableStatement.ExecuteNext",4,0,0.02,0.00,"MySql.Data.dll",
8,"MySql.Data.MySqlClient.Statement.ExecuteNext",4,0,0.02,0.00,"MySql.Data.dll",
9,"MySql.Data.MySqlClient.Driver.SendQuery",4,0,0.02,0.00,"MySql.Data.dll",
10,"MySql.Data.MySqlClient.NativeDriver.SendQuery",4,0,0.02,0.00,"MySql.Data.dll",
11,"MySql.Data.MySqlClient.NativeDriver.ExecutePacket",4,0,0.02,0.00,"MySql.Data.dll",
12,"MySql.Data.MySqlClient.MySqlStream.SendPacket",4,0,0.02,0.00,"MySql.Data.dll",
13,"MySql.Data.MySqlClient.TimedStream.Write",4,0,0.02,0.00,"MySql.Data.dll",
14,"MyNetworkStream.Write",4,0,0.02,0.00,"MySql.Data.dll",
15,"[System.ni.dll]",4,4,0.02,0.02,"System.ni.dll",
7,"MySql.Data.MySqlClient.PreparableStatement.Execute",2,0,0.01,0.00,"MySql.Data.dll",
8,"MySql.Data.MySqlClient.Statement.BindParameters",2,0,0.01,0.00,"MySql.Data.dll",
9,"MySql.Data.MySqlClient.Statement.InternalBindParameters",2,1,0.01,0.01,"MySql.Data.dll",
10,"[mscorlib.ni.dll]",1,1,0.01,0.01,"mscorlib.ni.dll",
4,"VRCM.My.MyProject+MyForms.get_loc",29,0,0.18,0.00,"VRCM.exe",
5,"VRCM.My.MyProject+MyForms.Create__Instance__",29,0,0.18,0.00,"VRCM.exe",
6,"[mscorlib.ni.dll]",29,0,0.18,0.00,"mscorlib.ni.dll",
7,"VRCM.loc..ctor",29,0,0.18,0.00,"VRCM.exe",
8,"VRCM.loc.InitializeComponent",25,0,0.15,0.00,"VRCM.exe",
9,"[System.Windows.Forms.ni.dll]",25,25,0.15,0.15,"System.Windows.Forms.ni.dll",
8,"[mscorlib.ni.dll]",3,3,0.02,0.02,"mscorlib.ni.dll",
8,"[System.Windows.Forms.ni.dll]",1,1,0.01,0.01,"System.Windows.Forms.ni.dll",
4,"VRCM.connection_module.call_disconnect",3,0,0.02,0.00,"VRCM.exe",
5,"MySql.Data.MySqlClient.MySqlConnection.Close",2,0,0.01,0.00,"MySql.Data.dll",
6,"MySql.Data.MySqlClient.MySqlPoolManager.ReleaseConnection",2,0,0.01,0.00,"MySql.Data.dll",
7,"MySql.Data.MySqlClient.MySqlPool.ReleaseConnection",2,1,0.01,0.01,"MySql.Data.dll",
8,"[mscorlib.ni.dll]",1,1,0.01,0.01,"mscorlib.ni.dll",
5,"MySql.Data.MySqlClient.MySqlConnection.get_State",1,1,0.01,0.01,"MySql.Data.dll",
4,"[System.Windows.Forms.ni.dll]",2,0,0.01,0.00,"System.Windows.Forms.ni.dll",
5,"VRCM.loc.Dispose",2,0,0.01,0.00,"VRCM.exe",
6,"[System.ni.dll]",2,2,0.01,0.01,"System.ni.dll",
4,"MySql.Data.MySqlClient.MySqlConnection.get_State",1,1,0.01,0.01,"MySql.Data.dll",
3,"[Microsoft.VisualBasic.ni.dll]",2,2,0.01,0.01,"Microsoft.VisualBasic.ni.dll",
3,"VRCM.public_declaration.mysql_date_format",2,0,0.01,0.00,"VRCM.exe",
4,"[Microsoft.VisualBasic.ni.dll]",1,1,0.01,0.01,"Microsoft.VisualBasic.ni.dll",
4,"[mscorlib.ni.dll]",1,1,0.01,0.01,"mscorlib.ni.dll",
3,"[mscorlib.ni.dll]",1,1,0.01,0.01,"mscorlib.ni.dll",
2,"VRCM.veeBOT.Messenger_Refresh",128,0,0.79,0.00,"VRCM.exe",
3,"VRCM.veeBOT.get_messenger_message",124,0,0.77,0.00,"VRCM.exe",
4,"VRCM.connection_module.mysql_data_str",97,1,0.60,0.01,"VRCM.exe",
5,"[System.Data.ni.dll]",35,5,0.22,0.03,"System.Data.ni.dll",
6,"MySql.Data.MySqlClient.MySqlCommand.ExecuteDbDataReader",30,0,0.19,0.00,"MySql.Data.dll",
7,"MySql.Data.MySqlClient.MySqlCommand.ExecuteReader",30,0,0.19,0.00,"MySql.Data.dll",
8,"MySql.Data.MySqlClient.PreparableStatement.Execute",12,0,0.07,0.00,"MySql.Data.dll",
9,"MySql.Data.MySqlClient.Statement.BindParameters",12,0,0.07,0.00,"MySql.Data.dll",
10,"MySql.Data.MySqlClient.Statement.InternalBindParameters",12,0,0.07,0.00,"MySql.Data.dll",
11,"MySql.Data.MySqlClient.MySqlTokenizer.NextToken",11,0,0.07,0.00,"MySql.Data.dll",
12,"[mscorlib.ni.dll]",10,10,0.06,0.06,"mscorlib.ni.dll",
12,"MySql.Data.MySqlClient.MySqlTokenizer.FindToken",1,0,0.01,0.00,"MySql.Data.dll",
13,"[mscorlib.ni.dll]",1,1,0.01,0.01,"mscorlib.ni.dll",
11,"[mscorlib.ni.dll]",1,1,0.01,0.01,"mscorlib.ni.dll",
8,"MySql.Data.MySqlClient.PreparableStatement.ExecuteNext",9,0,0.06,0.00,"MySql.Data.dll",
9,"MySql.Data.MySqlClient.Statement.ExecuteNext",9,0,0.06,0.00,"MySql.Data.dll",
10,"MySql.Data.MySqlClient.Driver.SendQuery",9,0,0.06,0.00,"MySql.Data.dll",
11,"MySql.Data.MySqlClient.NativeDriver.SendQuery",9,0,0.06,0.00,"MySql.Data.dll",
12,"MySql.Data.MySqlClient.NativeDriver.ExecutePacket",9,0,0.06,0.00,"MySql.Data.dll",
13,"MySql.Data.MySqlClient.MySqlStream.SendPacket",9,0,0.06,0.00,"MySql.Data.dll",
14,"MySql.Data.MySqlClient.TimedStream.Write",9,0,0.06,0.00,"MySql.Data.dll",
15,"MyNetworkStream.Write",9,0,0.06,0.00,"MySql.Data.dll",
16,"[System.ni.dll]",9,9,0.06,0.06,"System.ni.dll",
8,"MySql.Data.MySqlClient.MySqlDataReader.NextResult",9,0,0.06,0.00,"MySql.Data.dll",
9,"MySql.Data.MySqlClient.Driver.NextResult",9,0,0.06,0.00,"MySql.Data.dll",
10,"MySql.Data.MySqlClient.ResultSet..ctor",5,0,0.03,0.00,"MySql.Data.dll",
11,"[mscorlib.ni.dll]",3,3,0.02,0.02,"mscorlib.ni.dll",
11,"MySql.Data.MySqlClient.ResultSet.LoadColumns",2,0,0.01,0.00,"MySql.Data.dll",
12,"MySql.Data.MySqlClient.Driver.GetColumns",2,0,0.01,0.00,"MySql.Data.dll",
13,"[clr.dll]",1,1,0.01,0.01,"clr.dll",
13,"MySql.Data.MySqlClient.NativeDriver.GetColumnsData",1,0,0.01,0.00,"MySql.Data.dll",
14,"MySql.Data.MySqlClient.NativeDriver.GetColumnData",1,0,0.01,0.00,"MySql.Data.dll",
15,"MySql.Data.MySqlClient.MySqlPacket.ReadString",1,1,0.01,0.01,"MySql.Data.dll",
10,"MySql.Data.MySqlClient.Driver.GetResult",4,0,0.02,0.00,"MySql.Data.dll",
11,"MySql.Data.MySqlClient.NativeDriver.GetResult",4,0,0.02,0.00,"MySql.Data.dll",
12,"MySql.Data.MySqlClient.MySqlStream.ReadPacket",4,0,0.02,0.00,"MySql.Data.dll",
13,"MySql.Data.MySqlClient.MySqlStream.LoadPacket",4,0,0.02,0.00,"MySql.Data.dll",
14,"MySql.Data.MySqlClient.MySqlStream.ReadFully",4,1,0.02,0.01,"MySql.Data.dll",
15,"[mscorlib.ni.dll]",3,0,0.02,0.00,"mscorlib.ni.dll",
16,"MySql.Data.MySqlClient.TimedStream.Read",3,0,0.02,0.00,"MySql.Data.dll",
17,"MyNetworkStream.Read",3,0,0.02,0.00,"MySql.Data.dll",
18,"[System.ni.dll]",3,3,0.02,0.02,"System.ni.dll",
5,"VRCM.connection_module.call_connect",34,0,0.21,0.00,"VRCM.exe",
6,"MySql.Data.MySqlClient.MySqlConnection.Open",34,0,0.21,0.00,"MySql.Data.dll",
7,"MySql.Data.MySqlClient.MySqlPool.GetConnection",26,0,0.16,0.00,"MySql.Data.dll",
8,"MySql.Data.MySqlClient.MySqlPool.TryToGetDriver",26,0,0.16,0.00,"MySql.Data.dll",
9,"MySql.Data.MySqlClient.MySqlPool.GetPooledConnection",25,0,0.15,0.00,"MySql.Data.dll",
10,"MySql.Data.MySqlClient.Driver.Create",15,0,0.09,0.00,"MySql.Data.dll",
11,"MySql.Data.MySqlClient.Driver.Open",15,0,0.09,0.00,"MySql.Data.dll",
12,"MySql.Data.MySqlClient.NativeDriver.Open",15,0,0.09,0.00,"MySql.Data.dll",
13,"MySql.Data.Common.StreamCreator.GetStream",15,0,0.09,0.00,"MySql.Data.dll",
14,"MySql.Data.Common.StreamCreator.CreateSocketStream",14,0,0.09,0.00,"MySql.Data.dll",
15,"[mscorlib.ni.dll]",14,14,0.09,0.09,"mscorlib.ni.dll",
14,"[clr.dll]",1,1,0.01,0.01,"clr.dll",
10,"MySql.Data.MySqlClient.NativeDriver.Ping",10,0,0.06,0.00,"MySql.Data.dll",
11,"MySql.Data.MySqlClient.NativeDriver.ExecutePacket",10,0,0.06,0.00,"MySql.Data.dll",
12,"MySql.Data.MySqlClient.MySqlStream.SendPacket",10,0,0.06,0.00,"MySql.Data.dll",
13,"MySql.Data.MySqlClient.TimedStream.Write",10,0,0.06,0.00,"MySql.Data.dll",
14,"MyNetworkStream.Write",5,0,0.03,0.00,"MySql.Data.dll",
15,"[System.ni.dll]",5,5,0.03,0.03,"System.ni.dll",
14,"MySql.Data.MySqlClient.TimedStream.StartTimer",5,0,0.03,0.00,"MySql.Data.dll",
15,"[System.ni.dll]",5,5,0.03,0.03,"System.ni.dll",
9,"[clr.dll]",1,1,0.01,0.01,"clr.dll",
7,"MySql.Data.MySqlClient.MySqlConnection.ChangeDatabase",6,0,0.04,0.00,"MySql.Data.dll",
8,"MySql.Data.MySqlClient.Driver.SetDatabase",5,0,0.03,0.00,"MySql.Data.dll",
9,"MySql.Data.MySqlClient.NativeDriver.SetDatabase",5,0,0.03,0.00,"MySql.Data.dll",
10,"MySql.Data.MySqlClient.NativeDriver.ExecutePacket",4,0,0.02,0.00,"MySql.Data.dll",
11,"MySql.Data.MySqlClient.MySqlStream.SendPacket",4,0,0.02,0.00,"MySql.Data.dll",
12,"MySql.Data.MySqlClient.TimedStream.Write",4,0,0.02,0.00,"MySql.Data.dll",
13,"MySql.Data.MySqlClient.TimedStream.StartTimer",2,0,0.01,0.00,"MySql.Data.dll",
14,"[System.ni.dll]",2,2,0.01,0.01,"System.ni.dll",
13,"MyNetworkStream.Write",2,0,0.01,0.00,"MySql.Data.dll",
14,"[System.ni.dll]",2,2,0.01,0.01,"System.ni.dll",
10,"MySql.Data.MySqlClient.NativeDriver.ReadOk",1,0,0.01,0.00,"MySql.Data.dll",
11,"MySql.Data.MySqlClient.MySqlStream.ReadPacket",1,0,0.01,0.00,"MySql.Data.dll",
12,"MySql.Data.MySqlClient.MySqlStream.LoadPacket",1,0,0.01,0.00,"MySql.Data.dll",
13,"MySql.Data.MySqlClient.MySqlStream.ReadFully",1,0,0.01,0.00,"MySql.Data.dll",
14,"[mscorlib.ni.dll]",1,0,0.01,0.00,"mscorlib.ni.dll",
15,"MySql.Data.MySqlClient.TimedStream.Read",1,0,0.01,0.00,"MySql.Data.dll",
16,"MySql.Data.MySqlClient.TimedStream.StartTimer",1,0,0.01,0.00,"MySql.Data.dll",
17,"[System.ni.dll]",1,1,0.01,0.01,"System.ni.dll",
8,"[System.Transactions.ni.dll]",1,1,0.01,0.01,"System.Transactions.ni.dll",
7,"[clr.dll]",1,1,0.01,0.01,"clr.dll",
7,"MySql.Data.MySqlClient.Driver.Configure",1,0,0.01,0.00,"MySql.Data.dll",
8,"MySql.Data.MySqlClient.MySqlCommand.ExecuteNonQuery",1,0,0.01,0.00,"MySql.Data.dll",
9,"MySql.Data.MySqlClient.MySqlCommand.ExecuteReader",1,0,0.01,0.00,"MySql.Data.dll",
10,"MySql.Data.MySqlClient.PreparableStatement.ExecuteNext",1,0,0.01,0.00,"MySql.Data.dll",
11,"MySql.Data.MySqlClient.Statement.ExecuteNext",1,0,0.01,0.00,"MySql.Data.dll",
12,"MySql.Data.MySqlClient.Driver.SendQuery",1,0,0.01,0.00,"MySql.Data.dll",
13,"MySql.Data.MySqlClient.NativeDriver.SendQuery",1,0,0.01,0.00,"MySql.Data.dll",
14,"MySql.Data.MySqlClient.NativeDriver.ExecutePacket",1,0,0.01,0.00,"MySql.Data.dll",
15,"MySql.Data.MySqlClient.MySqlStream.SendPacket",1,0,0.01,0.00,"MySql.Data.dll",
16,"MySql.Data.MySqlClient.TimedStream.Write",1,0,0.01,0.00,"MySql.Data.dll",
17,"MyNetworkStream.Write",1,0,0.01,0.00,"MySql.Data.dll",
18,"[System.ni.dll]",1,1,0.01,0.01,"System.ni.dll",
5,"VRCM.My.MyProject+MyForms.get_loc",20,0,0.12,0.00,"VRCM.exe",
6,"VRCM.My.MyProject+MyForms.Create__Instance__",20,0,0.12,0.00,"VRCM.exe",
7,"[mscorlib.ni.dll]",20,0,0.12,0.00,"mscorlib.ni.dll",
8,"VRCM.loc..ctor",20,0,0.12,0.00,"VRCM.exe",
9,"VRCM.loc.InitializeComponent",16,0,0.10,0.00,"VRCM.exe",
10,"[System.Windows.Forms.ni.dll]",15,15,0.09,0.09,"System.Windows.Forms.ni.dll",
10,"[System.Drawing.ni.dll]",1,1,0.01,0.01,"System.Drawing.ni.dll",
9,"[mscorlib.ni.dll]",3,3,0.02,0.02,"mscorlib.ni.dll",
9,"[System.Windows.Forms.ni.dll]",1,1,0.01,0.01,"System.Windows.Forms.ni.dll",
5,"[System.Windows.Forms.ni.dll]",5,0,0.03,0.00,"System.Windows.Forms.ni.dll",
6,"VRCM.loc.Dispose",5,0,0.03,0.00,"VRCM.exe",
7,"[System.ni.dll]",4,4,0.02,0.02,"System.ni.dll",
7,"[System.Windows.Forms.ni.dll]",1,1,0.01,0.01,"System.Windows.Forms.ni.dll",
5,"VRCM.connection_module.call_disconnect",1,0,0.01,0.00,"VRCM.exe",
6,"MySql.Data.MySqlClient.MySqlConnection.Close",1,0,0.01,0.00,"MySql.Data.dll",
7,"MySql.Data.MySqlClient.MySqlPoolManager.ReleaseConnection",1,0,0.01,0.00,"MySql.Data.dll",
8,"MySql.Data.MySqlClient.MySqlPool.ReleaseConnection",1,0,0.01,0.00,"MySql.Data.dll",
9,"MySql.Data.MySqlClient.MySqlPool.EnqueueIdle",1,0,0.01,0.00,"MySql.Data.dll",
10,"[mscorlib.ni.dll]",1,1,0.01,0.01,"mscorlib.ni.dll",
5,"MySql.Data.MySqlClient.MySqlConnection.get_State",1,1,0.01,0.01,"MySql.Data.dll",
4,"VRCM.public_declaration.create_messengers",22,0,0.14,0.00,"VRCM.exe",
5,"[System.Windows.Forms.ni.dll]",17,14,0.11,0.09,"System.Windows.Forms.ni.dll",
6,"VRCM.Messenger.Messenger_Load",3,0,0.02,0.00,"VRCM.exe",
7,"[System.Windows.Forms.ni.dll]",1,1,0.01,0.01,"System.Windows.Forms.ni.dll",
7,"[clr.dll]",1,1,0.01,0.01,"clr.dll",
7,"VRCM.public_declaration.get_emp_id_from_full_name",1,0,0.01,0.00,"VRCM.exe",
8,"VRCM.connection_module.mysql_data_str",1,0,0.01,0.00,"VRCM.exe",
9,"[System.Data.ni.dll]",1,0,0.01,0.00,"System.Data.ni.dll",
10,"MySql.Data.MySqlClient.MySqlCommand.ExecuteDbDataReader",1,0,0.01,0.00,"MySql.Data.dll",
11,"MySql.Data.MySqlClient.MySqlCommand.ExecuteReader",1,0,0.01,0.00,"MySql.Data.dll",
12,"MySql.Data.MySqlClient.PreparableStatement.ExecuteNext",1,0,0.01,0.00,"MySql.Data.dll",
13,"MySql.Data.MySqlClient.Statement.ExecuteNext",1,0,0.01,0.00,"MySql.Data.dll",
14,"MySql.Data.MySqlClient.Driver.SendQuery",1,0,0.01,0.00,"MySql.Data.dll",
15,"MySql.Data.MySqlClient.NativeDriver.SendQuery",1,0,0.01,0.00,"MySql.Data.dll",
16,"MySql.Data.MySqlClient.NativeDriver.ExecutePacket",1,0,0.01,0.00,"MySql.Data.dll",
17,"MySql.Data.MySqlClient.MySqlStream.SendPacket",1,0,0.01,0.00,"MySql.Data.dll",
18,"MySql.Data.MySqlClient.TimedStream.Write",1,0,0.01,0.00,"MySql.Data.dll",
19,"MyNetworkStream.Write",1,0,0.01,0.00,"MySql.Data.dll",
20,"[System.ni.dll]",1,1,0.01,0.01,"System.ni.dll",
5,"VRCM.Messenger..ctor",5,0,0.03,0.00,"VRCM.exe",
6,"VRCM.Messenger.InitializeComponent",3,0,0.02,0.00,"VRCM.exe",
7,"[clr.dll]",2,2,0.01,0.01,"clr.dll",
7,"[System.Windows.Forms.ni.dll]",1,1,0.01,0.01,"System.Windows.Forms.ni.dll",
6,"[clr.dll]",2,2,0.01,0.01,"clr.dll",
4,"[System.Windows.Forms.ni.dll]",4,4,0.02,0.02,"System.Windows.Forms.ni.dll",
4,"[clr.dll]",1,1,0.01,0.01,"clr.dll",
3,"[clr.dll]",3,3,0.02,0.02,"clr.dll",
3,"[ntdll.dll]",1,1,0.01,0.01,"ntdll.dll",
2,"VRCM.loc.Button1_Click_1",75,0,0.46,0.00,"VRCM.exe",
3,"[System.Windows.Forms.ni.dll]",43,2,0.27,0.01,"System.Windows.Forms.ni.dll",
4,"VRCM.loc.Dispose",41,0,0.25,0.00,"VRCM.exe",
5,"[System.Windows.Forms.ni.dll]",39,39,0.24,0.24,"System.Windows.Forms.ni.dll",
5,"[System.ni.dll]",2,2,0.01,0.01,"System.ni.dll",
3,"VRCM.loc.update_break_details",29,0,0.18,0.00,"VRCM.exe",
4,"[mscorlib.ni.dll]",20,20,0.12,0.12,"mscorlib.ni.dll",
4,"VRCM.connection_module.mysql_data_str",6,0,0.04,0.00,"VRCM.exe",
5,"[System.Data.ni.dll]",3,0,0.02,0.00,"System.Data.ni.dll",
6,"MySql.Data.MySqlClient.MySqlCommand.ExecuteDbDataReader",3,0,0.02,0.00,"MySql.Data.dll",
7,"MySql.Data.MySqlClient.MySqlCommand.ExecuteReader",3,0,0.02,0.00,"MySql.Data.dll",
8,"MySql.Data.MySqlClient.PreparableStatement.Execute",2,0,0.01,0.00,"MySql.Data.dll",
9,"MySql.Data.MySqlClient.Statement.BindParameters",2,0,0.01,0.00,"MySql.Data.dll",
10,"MySql.Data.MySqlClient.Statement.InternalBindParameters",2,1,0.01,0.01,"MySql.Data.dll",
11,"[mscorlib.ni.dll]",1,1,0.01,0.01,"mscorlib.ni.dll",
8,"MySql.Data.MySqlClient.MySqlDataReader.NextResult",1,0,0.01,0.00,"MySql.Data.dll",
9,"MySql.Data.MySqlClient.Driver.NextResult",1,0,0.01,0.00,"MySql.Data.dll",
10,"MySql.Data.MySqlClient.Driver.GetResult",1,0,0.01,0.00,"MySql.Data.dll",
11,"MySql.Data.MySqlClient.NativeDriver.GetResult",1,0,0.01,0.00,"MySql.Data.dll",
12,"MySql.Data.MySqlClient.MySqlStream.ReadPacket",1,0,0.01,0.00,"MySql.Data.dll",
13,"MySql.Data.MySqlClient.MySqlStream.LoadPacket",1,1,0.01,0.01,"MySql.Data.dll",
5,"VRCM.connection_module.call_connect",3,0,0.02,0.00,"VRCM.exe",
6,"MySql.Data.MySqlClient.MySqlConnection.Open",3,0,0.02,0.00,"MySql.Data.dll",
7,"MySql.Data.MySqlClient.MySqlConnection.ChangeDatabase",2,0,0.01,0.00,"MySql.Data.dll",
8,"MySql.Data.MySqlClient.Driver.SetDatabase",2,0,0.01,0.00,"MySql.Data.dll",
9,"MySql.Data.MySqlClient.NativeDriver.SetDatabase",2,0,0.01,0.00,"MySql.Data.dll",
10,"MySql.Data.MySqlClient.NativeDriver.ExecutePacket",1,0,0.01,0.00,"MySql.Data.dll",
11,"MySql.Data.MySqlClient.MySqlStream.SendPacket",1,0,0.01,0.00,"MySql.Data.dll",
12,"MySql.Data.MySqlClient.TimedStream.Write",1,0,0.01,0.00,"MySql.Data.dll",
13,"MyNetworkStream.Write",1,0,0.01,0.00,"MySql.Data.dll",
14,"[System.ni.dll]",1,1,0.01,0.01,"System.ni.dll",
10,"MySql.Data.MySqlClient.NativeDriver.ReadOk",1,0,0.01,0.00,"MySql.Data.dll",
11,"MySql.Data.MySqlClient.MySqlStream.ReadPacket",1,0,0.01,0.00,"MySql.Data.dll",
12,"MySql.Data.MySqlClient.MySqlStream.LoadPacket",1,0,0.01,0.00,"MySql.Data.dll",
13,"MySql.Data.MySqlClient.MySqlStream.ReadFully",1,0,0.01,0.00,"MySql.Data.dll",
14,"[mscorlib.ni.dll]",1,1,0.01,0.01,"mscorlib.ni.dll",
7,"MySql.Data.MySqlClient.MySqlPool.GetConnection",1,0,0.01,0.00,"MySql.Data.dll",
8,"MySql.Data.MySqlClient.MySqlPool.TryToGetDriver",1,0,0.01,0.00,"MySql.Data.dll",
9,"MySql.Data.MySqlClient.MySqlPool.GetPooledConnection",1,0,0.01,0.00,"MySql.Data.dll",
10,"MySql.Data.MySqlClient.NativeDriver.Ping",1,0,0.01,0.00,"MySql.Data.dll",
11,"MySql.Data.MySqlClient.NativeDriver.ExecutePacket",1,0,0.01,0.00,"MySql.Data.dll",
12,"MySql.Data.MySqlClient.MySqlStream.SendPacket",1,0,0.01,0.00,"MySql.Data.dll",
13,"MySql.Data.MySqlClient.TimedStream.Write",1,0,0.01,0.00,"MySql.Data.dll",
14,"MyNetworkStream.Write",1,0,0.01,0.00,"MySql.Data.dll",
15,"[System.ni.dll]",1,1,0.01,0.01,"System.ni.dll",
4,"[Microsoft.VisualBasic.ni.dll]",3,3,0.02,0.02,"Microsoft.VisualBasic.ni.dll",
3,"VRCM.public_declaration.get_server_time",1,0,0.01,0.00,"VRCM.exe",
4,"VRCM.connection_module.mysql_data_str",1,0,0.01,0.00,"VRCM.exe",
5,"[System.Data.ni.dll]",1,1,0.01,0.01,"System.Data.ni.dll",
3,"[clr.dll]",1,0,0.01,0.00,"clr.dll",
4,"[hmpalert.dll]",1,0,0.01,0.00,"hmpalert.dll",
5,"[hmpalert.dll]",1,1,0.01,0.01,"hmpalert.dll",
3,"VRCM.connection_module.mysql_data_str",1,0,0.01,0.00,"VRCM.exe",
4,"VRCM.connection_module.call_connect",1,0,0.01,0.00,"VRCM.exe",
5,"MySql.Data.MySqlClient.MySqlConnection.Open",1,0,0.01,0.00,"MySql.Data.dll",
6,"MySql.Data.MySqlClient.MySqlPool.GetConnection",1,0,0.01,0.00,"MySql.Data.dll",
7,"MySql.Data.MySqlClient.MySqlPool.TryToGetDriver",1,0,0.01,0.00,"MySql.Data.dll",
8,"MySql.Data.MySqlClient.MySqlPool.GetPooledConnection",1,0,0.01,0.00,"MySql.Data.dll",
9,"MySql.Data.MySqlClient.NativeDriver.Ping",1,0,0.01,0.00,"MySql.Data.dll",
10,"MySql.Data.MySqlClient.NativeDriver.ExecutePacket",1,0,0.01,0.00,"MySql.Data.dll",
11,"MySql.Data.MySqlClient.MySqlStream.SendPacket",1,0,0.01,0.00,"MySql.Data.dll",
12,"MySql.Data.MySqlClient.TimedStream.Write",1,0,0.01,0.00,"MySql.Data.dll",
13,"MyNetworkStream.Write",1,0,0.01,0.00,"MySql.Data.dll",
14,"[System.ni.dll]",1,1,0.01,0.01,"System.ni.dll",
2,"VRCM.loc.Timer1_Tick",37,10,0.23,0.06,"VRCM.exe",
3,"[Microsoft.VisualBasic.ni.dll]",21,21,0.13,0.13,"Microsoft.VisualBasic.ni.dll",
3,"[mscorlib.ni.dll]",6,6,0.04,0.04,"mscorlib.ni.dll",
2,"[hmpalert.dll]",12,0,0.07,0.00,"hmpalert.dll",
3,"[ntdll.dll]",10,10,0.06,0.06,"ntdll.dll",
3,"[hmpalert.dll]",2,0,0.01,0.00,"hmpalert.dll",
4,"[hmpalert.dll]",2,0,0.01,0.00,"hmpalert.dll",
5,"[ntdll.dll]",2,2,0.01,0.01,"ntdll.dll",
2,"VRCM.NativeMethods.Timer1_Tick",11,0,0.07,0.00,"VRCM.exe",
3,"[System.Windows.Forms.ni.dll]",11,0,0.07,0.00,"System.Windows.Forms.ni.dll",
4,"VRCM.NativeMethods.Dispose",11,0,0.07,0.00,"VRCM.exe",
5,"[System.Windows.Forms.ni.dll]",11,11,0.07,0.07,"System.Windows.Forms.ni.dll",
2,"VRCM.veeBOT.Timer1_Tick",9,8,0.06,0.05,"VRCM.exe",
3,"VRCM.veeBOT.get_lbl_lock",1,1,0.01,0.01,"VRCM.exe",
2,"VRCM.veeBOT.auto_signout_Tick",4,0,0.02,0.00,"VRCM.exe",
3,"[clr.dll]",3,3,0.02,0.02,"clr.dll",
3,"VRCM.veeBOT.auto_sign_out",1,0,0.01,0.00,"VRCM.exe",
4,"[Microsoft.VisualBasic.ni.dll]",1,1,0.01,0.01,"Microsoft.VisualBasic.ni.dll",
2,"VRCM.veeBOT.get_lbl_lock",2,2,0.01,0.01,"VRCM.exe",
2,"VRCM.IdleTime.get_IdleTime",2,2,0.01,0.01,"VRCM.exe",
2,"VRCM.Messenger.Dispose",1,0,0.01,0.00,"VRCM.exe",
3,"[System.Windows.Forms.ni.dll]",1,1,0.01,0.01,"System.Windows.Forms.ni.dll",
2,"VRCM.veeBOT.get_sbar_ist",1,1,0.01,0.01,"VRCM.exe",
2,"VRCM.loc.get_Label4",1,1,0.01,0.01,"VRCM.exe",
0,"[SophosAmsiProvider.dll]",77,3,0.48,0.02,"SophosAmsiProvider.dll",
1,"[SophosAmsiProvider.dll]",64,11,0.40,0.07,"SophosAmsiProvider.dll",
2,"[KernelBase.dll]",35,35,0.22,0.22,"KernelBase.dll",
2,"[ntdll.dll]",10,10,0.06,0.06,"ntdll.dll",
2,"[SophosAmsiProvider.dll]",7,4,0.04,0.02,"SophosAmsiProvider.dll",
3,"[ntdll.dll]",2,2,0.01,0.01,"ntdll.dll",
3,"[SophosAmsiProvider.dll]",1,1,0.01,0.01,"SophosAmsiProvider.dll",
2,"[wow64cpu.dll]",1,1,0.01,0.01,"wow64cpu.dll",
1,"[KernelBase.dll]",4,4,0.02,0.02,"KernelBase.dll",
1,"[kernel32.dll]",3,3,0.02,0.02,"kernel32.dll",
1,"[ntdll.dll]",3,3,0.02,0.02,"ntdll.dll",
0,"[hmpalert.dll]",7,0,0.04,0.00,"hmpalert.dll",
1,"[hmpalert.dll]",4,0,0.02,0.00,"hmpalert.dll",
2,"[hmpalert.dll]",2,0,0.01,0.00,"hmpalert.dll",
3,"[ntdll.dll]",2,2,0.01,0.01,"ntdll.dll",
2,"[KernelBase.dll]",2,2,0.01,0.01,"KernelBase.dll",
1,"[ntdll.dll]",2,2,0.01,0.01,"ntdll.dll",
1,"[KernelBase.dll]",1,1,0.01,0.01,"KernelBase.dll",
0,"MySql.Data.MySqlClient.MySqlPoolManager.CleanIdleConnections",1,0,0.01,0.00,"MySql.Data.dll",
1,"[clr.dll]",1,1,0.01,0.01,"clr.dll",
0,"VRCM.veeBOT.hlk_Messenger",1,0,0.01,0.00,"VRCM.exe",
1,"[mscorlib.ni.dll]",1,1,0.01,0.01,"mscorlib.ni.dll",
