Type,Root Function Name,Function Name,Inclusive Samples,Exclusive Samples,Inclusive Samples %,Exclusive Samples %,
"Root","[clr.dll]","[clr.dll]",56,54,0.35,0.33,
"Caller","[clr.dll]","MyNetworkStream.Read",3,3,0.02,0.02,
"Caller","[clr.dll]","MySql.Data.Common.StreamCreator.GetStream",1,1,0.01,0.01,
"Caller","[clr.dll]","MySql.Data.MySqlClient.Driver.Dispose",1,1,0.01,0.01,
"Caller","[clr.dll]","MySql.Data.MySqlClient.Driver.GetColumns",1,1,0.01,0.01,
"Caller","[clr.dll]","MySql.Data.MySqlClient.MySqlConnection.Open",4,4,0.02,0.02,
"Caller","[clr.dll]","MySql.Data.MySqlClient.MySqlPool.TryToGetDriver",3,3,0.02,0.02,
"Caller","[clr.dll]","MySql.Data.MySqlClient.MySqlPoolManager.CleanIdleConnections",1,1,0.01,0.01,
"Caller","[clr.dll]","MySql.Data.MySqlClient.MySqlPoolManager.RemoveConnection",1,1,0.01,0.01,
"Caller","[clr.dll]","MySql.Data.MySqlClient.MySqlStream.LoadPacket",1,1,0.01,0.01,
"Caller","[clr.dll]","MySql.Data.MySqlClient.NativeDriver.Open",2,2,0.01,0.01,
"Caller","[clr.dll]","MySql.Data.MySqlClient.NativeDriver.ReadOk",1,1,0.01,0.01,
"Caller","[clr.dll]","VRCM.IdleTime.get_IdleTime",2,2,0.01,0.01,
"Caller","[clr.dll]","VRCM.loc.Button1_Click_1",1,0,0.01,0.00,
"Caller","[clr.dll]","VRCM.loc.InitializeComponent",1,1,0.01,0.01,
"Caller","[clr.dll]","VRCM.loc.loc_Load",1,1,0.01,0.01,
"Caller","[clr.dll]","VRCM.Messenger..ctor",2,2,0.01,0.01,
"Caller","[clr.dll]","VRCM.Messenger.InitializeComponent",2,2,0.01,0.01,
"Caller","[clr.dll]","VRCM.Messenger.Messenger_Load",1,1,0.01,0.01,
"Caller","[clr.dll]","VRCM.NativeMethods..ctor",1,0,0.01,0.00,
"Caller","[clr.dll]","VRCM.NativeMethods.InitializeComponent",3,3,0.02,0.02,
"Caller","[clr.dll]","VRCM.public_declaration.Trim_Replace",1,1,0.01,0.01,
"Caller","[clr.dll]","VRCM.veeBOT.App_Timer_Tick",3,3,0.02,0.02,
"Caller","[clr.dll]","VRCM.veeBOT.auto_signout_Tick",3,3,0.02,0.02,
"Caller","[clr.dll]","VRCM.veeBOT.get_messenger_message",1,1,0.01,0.01,
"Caller","[clr.dll]","VRCM.veeBOT.GetWindowTitle",2,2,0.01,0.01,
"Caller","[clr.dll]","VRCM.veeBOT.Messenger_Refresh",3,3,0.02,0.02,
"Caller","[clr.dll]","VRCM.veeBOT.sec_refresh_Tick",10,10,0.06,0.06,
"Callee","[clr.dll]","[hmpalert.dll]",2,0,0.01,0.00,
"Root","[hmpalert.dll]","[hmpalert.dll]",23,1,0.14,0.01,
"Caller","[hmpalert.dll]","[clr.dll]",2,0,0.01,0.00,
"Caller","[hmpalert.dll]","[hmpalert.dll]",7,1,0.04,0.01,
"Caller","[hmpalert.dll]","[Microsoft.VisualBasic.ni.dll]",12,0,0.07,0.00,
"Caller","[hmpalert.dll]","[System.Windows.Forms.ni.dll]",2,0,0.01,0.00,
"Callee","[hmpalert.dll]","[hmpalert.dll]",7,1,0.04,0.01,
"Callee","[hmpalert.dll]","[KernelBase.dll]",3,3,0.02,0.02,
"Callee","[hmpalert.dll]","[ntdll.dll]",19,19,0.12,0.12,
"Root","[kernel32.dll]","[kernel32.dll]",6,6,0.04,0.04,
"Caller","[kernel32.dll]","[SophosAmsiProvider.dll]",3,3,0.02,0.02,
"Caller","[kernel32.dll]","VRCM.veeBOT.App_Timer_Tick",1,1,0.01,0.01,
"Caller","[kernel32.dll]","VRCM.veeBOT.sec_refresh_Tick",2,2,0.01,0.01,
"Root","[KernelBase.dll]","[KernelBase.dll]",43,43,0.27,0.27,
"Caller","[KernelBase.dll]","[hmpalert.dll]",3,3,0.02,0.02,
"Caller","[KernelBase.dll]","[SophosAmsiProvider.dll]",39,39,0.24,0.24,
"Caller","[KernelBase.dll]","MySql.Data.MySqlClient.TimedStream.StopTimer",1,1,0.01,0.01,
"Root","[Microsoft.VisualBasic.ni.dll]","[Microsoft.VisualBasic.ni.dll]","16,045","14,743",99.47,91.40,
"Caller","[Microsoft.VisualBasic.ni.dll]","VRCM.loc.Timer1_Tick",21,21,0.13,0.13,
"Caller","[Microsoft.VisualBasic.ni.dll]","VRCM.loc.update_break_details",3,3,0.02,0.02,
"Caller","[Microsoft.VisualBasic.ni.dll]","VRCM.My.MyApplication.Main","16,045","14,433",99.47,89.47,
"Caller","[Microsoft.VisualBasic.ni.dll]","VRCM.public_declaration.mysql_date_format",1,1,0.01,0.01,
"Caller","[Microsoft.VisualBasic.ni.dll]","VRCM.veeBOT.App_Timer_Tick",11,11,0.07,0.07,
"Caller","[Microsoft.VisualBasic.ni.dll]","VRCM.veeBOT.auto_sign_out",1,1,0.01,0.01,
"Caller","[Microsoft.VisualBasic.ni.dll]","VRCM.veeBOT.GetWindowTitle",5,5,0.03,0.03,
"Caller","[Microsoft.VisualBasic.ni.dll]","VRCM.veeBOT.Remainder_Tick",2,2,0.01,0.01,
"Caller","[Microsoft.VisualBasic.ni.dll]","VRCM.veeBOT.sec_refresh_Tick",265,265,1.64,1.64,
"Caller","[Microsoft.VisualBasic.ni.dll]","VRCM.veeBOT.SystemEvents_Sessionswitch",1,1,0.01,0.01,
"Callee","[Microsoft.VisualBasic.ni.dll]","[hmpalert.dll]",12,0,0.07,0.00,
"Callee","[Microsoft.VisualBasic.ni.dll]","VRCM.IdleTime.get_IdleTime",2,2,0.01,0.01,
"Callee","[Microsoft.VisualBasic.ni.dll]","VRCM.loc.Button1_Click_1",75,0,0.46,0.00,
"Callee","[Microsoft.VisualBasic.ni.dll]","VRCM.loc.get_Label4",1,1,0.01,0.01,
"Callee","[Microsoft.VisualBasic.ni.dll]","VRCM.loc.Timer1_Tick",37,10,0.23,0.06,
"Callee","[Microsoft.VisualBasic.ni.dll]","VRCM.Messenger.Dispose",1,0,0.01,0.00,
"Callee","[Microsoft.VisualBasic.ni.dll]","VRCM.NativeMethods.Timer1_Tick",11,0,0.07,0.00,
"Callee","[Microsoft.VisualBasic.ni.dll]","VRCM.veeBOT.App_Timer_Tick",358,3,2.22,0.02,
"Callee","[Microsoft.VisualBasic.ni.dll]","VRCM.veeBOT.auto_signout_Tick",4,0,0.02,0.00,
"Callee","[Microsoft.VisualBasic.ni.dll]","VRCM.veeBOT.get_lbl_lock",2,2,0.01,0.01,
"Callee","[Microsoft.VisualBasic.ni.dll]","VRCM.veeBOT.get_sbar_ist",1,1,0.01,0.01,
"Callee","[Microsoft.VisualBasic.ni.dll]","VRCM.veeBOT.Messenger_Refresh",128,0,0.79,0.00,
"Callee","[Microsoft.VisualBasic.ni.dll]","VRCM.veeBOT.Remainder_Tick",197,1,1.22,0.01,
"Callee","[Microsoft.VisualBasic.ni.dll]","VRCM.veeBOT.sec_refresh_Tick",367,11,2.28,0.07,
"Callee","[Microsoft.VisualBasic.ni.dll]","VRCM.veeBOT.SystemEvents_Sessionswitch",407,0,2.52,0.00,
"Callee","[Microsoft.VisualBasic.ni.dll]","VRCM.veeBOT.Timer1_Tick",9,8,0.06,0.05,
"Root","[mscorlib.ni.dll]","[mscorlib.ni.dll]",376,181,2.33,1.12,
"Caller","[mscorlib.ni.dll]","MySql.Data.Common.StreamCreator.CreateSocketStream",55,55,0.34,0.34,
"Caller","[mscorlib.ni.dll]","MySql.Data.MySqlClient.CharSetMap.GetCharacterSet",3,3,0.02,0.02,
"Caller","[mscorlib.ni.dll]","MySql.Data.MySqlClient.MySqlConnectionStringBuilder.get_ConnectionReset",1,1,0.01,0.01,
"Caller","[mscorlib.ni.dll]","MySql.Data.MySqlClient.MySqlField.SetFieldEncoding",3,3,0.02,0.02,
"Caller","[mscorlib.ni.dll]","MySql.Data.MySqlClient.MySqlPacket.ReadLong",2,2,0.01,0.01,
"Caller","[mscorlib.ni.dll]","MySql.Data.MySqlClient.MySqlPacket.ReadString",6,6,0.04,0.04,
"Caller","[mscorlib.ni.dll]","MySql.Data.MySqlClient.MySqlPool.EnqueueIdle",1,1,0.01,0.01,
"Caller","[mscorlib.ni.dll]","MySql.Data.MySqlClient.MySqlPool.ReleaseConnection",2,2,0.01,0.01,
"Caller","[mscorlib.ni.dll]","MySql.Data.MySqlClient.MySqlStream.ReadFully",46,2,0.29,0.01,
"Caller","[mscorlib.ni.dll]","MySql.Data.MySqlClient.MySqlTokenizer.FindToken",1,1,0.01,0.01,
"Caller","[mscorlib.ni.dll]","MySql.Data.MySqlClient.MySqlTokenizer.NextToken",10,10,0.06,0.06,
"Caller","[mscorlib.ni.dll]","MySql.Data.MySqlClient.NativeDriver.GetColumnData",1,1,0.01,0.01,
"Caller","[mscorlib.ni.dll]","MySql.Data.MySqlClient.NativeDriver.SetDatabase",1,1,0.01,0.01,
"Caller","[mscorlib.ni.dll]","MySql.Data.MySqlClient.Properties.Resources.get_PerfMonCategoryName",1,1,0.01,0.01,
"Caller","[mscorlib.ni.dll]","MySql.Data.MySqlClient.ResultSet..ctor",4,4,0.02,0.02,
"Caller","[mscorlib.ni.dll]","MySql.Data.MySqlClient.ResultSet.LoadColumns",3,3,0.02,0.02,
"Caller","[mscorlib.ni.dll]","MySql.Data.MySqlClient.Statement.InternalBindParameters",3,3,0.02,0.02,
"Caller","[mscorlib.ni.dll]","VRCM.IdleTime.get_IdleTime",1,1,0.01,0.01,
"Caller","[mscorlib.ni.dll]","VRCM.loc..ctor",25,25,0.15,0.15,
"Caller","[mscorlib.ni.dll]","VRCM.loc.Timer1_Tick",6,6,0.04,0.04,
"Caller","[mscorlib.ni.dll]","VRCM.loc.update_break_details",20,20,0.12,0.12,
"Caller","[mscorlib.ni.dll]","VRCM.My.MyProject+MyForms.Create__Instance__",177,1,1.10,0.01,
"Caller","[mscorlib.ni.dll]","VRCM.public_declaration.get_server_time",1,1,0.01,0.01,
"Caller","[mscorlib.ni.dll]","VRCM.public_declaration.mysql_date_format",1,1,0.01,0.01,
"Caller","[mscorlib.ni.dll]","VRCM.public_declaration.Trim_Replace",1,1,0.01,0.01,
"Caller","[mscorlib.ni.dll]","VRCM.veeBOT.App_Timer_Tick",4,4,0.02,0.02,
"Caller","[mscorlib.ni.dll]","VRCM.veeBOT.GetWindowTitle",14,14,0.09,0.09,
"Caller","[mscorlib.ni.dll]","VRCM.veeBOT.hlk_Messenger",1,1,0.01,0.01,
"Caller","[mscorlib.ni.dll]","VRCM.veeBOT.Remainder_Tick",1,1,0.01,0.01,
"Caller","[mscorlib.ni.dll]","VRCM.veeBOT.sec_refresh_Tick",6,6,0.04,0.04,
"Callee","[mscorlib.ni.dll]","MySql.Data.MySqlClient.TimedStream.Read",44,0,0.27,0.00,
"Callee","[mscorlib.ni.dll]","VRCM.loc..ctor",167,0,1.04,0.00,
"Callee","[mscorlib.ni.dll]","VRCM.NativeMethods..ctor",9,0,0.06,0.00,
"Root","[ntdll.dll]","[ntdll.dll]",35,35,0.22,0.22,
"Caller","[ntdll.dll]","[hmpalert.dll]",19,19,0.12,0.12,
"Caller","[ntdll.dll]","[SophosAmsiProvider.dll]",15,15,0.09,0.09,
"Caller","[ntdll.dll]","VRCM.veeBOT.Messenger_Refresh",1,1,0.01,0.01,
"Root","[SophosAmsiProvider.dll]","[SophosAmsiProvider.dll]",77,19,0.48,0.12,
"Caller","[SophosAmsiProvider.dll]","[SophosAmsiProvider.dll]",64,16,0.40,0.10,
"Callee","[SophosAmsiProvider.dll]","[kernel32.dll]",3,3,0.02,0.02,
"Callee","[SophosAmsiProvider.dll]","[KernelBase.dll]",39,39,0.24,0.24,
"Callee","[SophosAmsiProvider.dll]","[ntdll.dll]",15,15,0.09,0.09,
"Callee","[SophosAmsiProvider.dll]","[SophosAmsiProvider.dll]",64,16,0.40,0.10,
"Callee","[SophosAmsiProvider.dll]","[wow64cpu.dll]",1,1,0.01,0.01,
"Root","[System.Data.ni.dll]","[System.Data.ni.dll]",81,16,0.50,0.10,
"Caller","[System.Data.ni.dll]","VRCM.connection_module.mysql_data_str",81,16,0.50,0.10,
"Callee","[System.Data.ni.dll]","MySql.Data.MySqlClient.MySqlCommand.ExecuteDbDataReader",65,0,0.40,0.00,
"Root","[System.Drawing.ni.dll]","[System.Drawing.ni.dll]",4,4,0.02,0.02,
"Caller","[System.Drawing.ni.dll]","VRCM.loc.InitializeComponent",3,3,0.02,0.02,
"Caller","[System.Drawing.ni.dll]","VRCM.NativeMethods.InitializeComponent",1,1,0.01,0.01,
"Root","[System.ni.dll]","[System.ni.dll]",110,110,0.68,0.68,
"Caller","[System.ni.dll]","MyNetworkStream.Read",36,36,0.22,0.22,
"Caller","[System.ni.dll]","MyNetworkStream.Write",45,45,0.28,0.28,
"Caller","[System.ni.dll]","MySql.Data.Common.StreamCreator.CreateSocketStream",6,6,0.04,0.04,
"Caller","[System.ni.dll]","MySql.Data.MySqlClient.MySqlTrace.LogError",1,1,0.01,0.01,
"Caller","[System.ni.dll]","MySql.Data.MySqlClient.TimedStream.Read",1,1,0.01,0.01,
"Caller","[System.ni.dll]","MySql.Data.MySqlClient.TimedStream.StartTimer",13,13,0.08,0.08,
"Caller","[System.ni.dll]","VRCM.loc.Dispose",8,8,0.05,0.05,
"Root","[System.Transactions.ni.dll]","[System.Transactions.ni.dll]",3,3,0.02,0.02,
"Caller","[System.Transactions.ni.dll]","MySql.Data.MySqlClient.MySqlConnection.ChangeDatabase",1,1,0.01,0.01,
"Caller","[System.Transactions.ni.dll]","MySql.Data.MySqlClient.MySqlConnection.Open",1,1,0.01,0.01,
"Caller","[System.Transactions.ni.dll]","VRCM.connection_module.call_connect",1,1,0.01,0.01,
"Root","[System.Windows.Forms.ni.dll]","[System.Windows.Forms.ni.dll]",768,755,4.76,4.68,
"Caller","[System.Windows.Forms.ni.dll]","VRCM.connection_module.mysql_data_str",7,0,0.04,0.00,
"Caller","[System.Windows.Forms.ni.dll]","VRCM.loc..ctor",6,6,0.04,0.04,
"Caller","[System.Windows.Forms.ni.dll]","VRCM.loc.Button1_Click_1",43,2,0.27,0.01,
"Caller","[System.Windows.Forms.ni.dll]","VRCM.loc.Dispose",40,40,0.25,0.25,
"Caller","[System.Windows.Forms.ni.dll]","VRCM.loc.InitializeComponent",131,131,0.81,0.81,
"Caller","[System.Windows.Forms.ni.dll]","VRCM.loc.load_combo",84,84,0.52,0.52,
"Caller","[System.Windows.Forms.ni.dll]","VRCM.loc.loc_Load",60,60,0.37,0.37,
"Caller","[System.Windows.Forms.ni.dll]","VRCM.Messenger.Dispose",1,1,0.01,0.01,
"Caller","[System.Windows.Forms.ni.dll]","VRCM.Messenger.InitializeComponent",1,1,0.01,0.01,
"Caller","[System.Windows.Forms.ni.dll]","VRCM.Messenger.Messenger_Load",1,1,0.01,0.01,
"Caller","[System.Windows.Forms.ni.dll]","VRCM.NativeMethods.activate_lock_screen",1,1,0.01,0.01,
"Caller","[System.Windows.Forms.ni.dll]","VRCM.NativeMethods.Dispose",11,11,0.07,0.07,
"Caller","[System.Windows.Forms.ni.dll]","VRCM.NativeMethods.InitializeComponent",4,4,0.02,0.02,
"Caller","[System.Windows.Forms.ni.dll]","VRCM.NativeMethods.Timer1_Tick",11,0,0.07,0.00,
"Caller","[System.Windows.Forms.ni.dll]","VRCM.NativeMethods.Windows_Lock_Load",8,8,0.05,0.05,
"Caller","[System.Windows.Forms.ni.dll]","VRCM.public_declaration.create_messengers",17,14,0.11,0.09,
"Caller","[System.Windows.Forms.ni.dll]","VRCM.veeBOT.get_messenger_message",4,4,0.02,0.02,
"Caller","[System.Windows.Forms.ni.dll]","VRCM.veeBOT.Insert_Tracking_Data",94,94,0.58,0.58,
"Caller","[System.Windows.Forms.ni.dll]","VRCM.veeBOT.sec_refresh_Tick",57,48,0.35,0.30,
"Caller","[System.Windows.Forms.ni.dll]","VRCM.veeBOT.SystemEvents_Sessionswitch",392,245,2.43,1.52,
"Callee","[System.Windows.Forms.ni.dll]","[hmpalert.dll]",2,0,0.01,0.00,
"Callee","[System.Windows.Forms.ni.dll]","VRCM.loc.Dispose",48,0,0.30,0.00,
"Callee","[System.Windows.Forms.ni.dll]","VRCM.loc.loc_Load",145,0,0.90,0.00,
"Callee","[System.Windows.Forms.ni.dll]","VRCM.Messenger.Messenger_Load",3,0,0.02,0.00,
"Callee","[System.Windows.Forms.ni.dll]","VRCM.NativeMethods.Dispose",11,0,0.07,0.00,
"Callee","[System.Windows.Forms.ni.dll]","VRCM.NativeMethods.Windows_Lock_Load",9,0,0.06,0.00,
"Root","[user32.dll]","[user32.dll]",1,1,0.01,0.01,
"Caller","[user32.dll]","VRCM.veeBOT.GetWindowTitle",1,1,0.01,0.01,
"Root","[wow64cpu.dll]","[wow64cpu.dll]",1,1,0.01,0.01,
"Caller","[wow64cpu.dll]","[SophosAmsiProvider.dll]",1,1,0.01,0.01,
"Root","dynamicClass.IL_STUB_PInvoke","dynamicClass.IL_STUB_PInvoke",1,1,0.01,0.01,
"Caller","dynamicClass.IL_STUB_PInvoke","VRCM.IdleTime.get_IdleTime",1,1,0.01,0.01,
"Root","dynamicClass.IL_STUB_PInvoke","dynamicClass.IL_STUB_PInvoke",34,34,0.21,0.21,
"Caller","dynamicClass.IL_STUB_PInvoke","VRCM.veeBOT.GetWindowTitle",34,34,0.21,0.21,
"Root","dynamicClass.IL_STUB_PInvoke","dynamicClass.IL_STUB_PInvoke",42,42,0.26,0.26,
"Caller","dynamicClass.IL_STUB_PInvoke","VRCM.veeBOT.GetWindowTitle",42,42,0.26,0.26,
"Root","dynamicClass.IL_STUB_PInvoke","dynamicClass.IL_STUB_PInvoke",21,21,0.13,0.13,
"Caller","dynamicClass.IL_STUB_PInvoke","VRCM.veeBOT.App_Timer_Tick",21,21,0.13,0.13,
"Root","MyNetworkStream.Read","MyNetworkStream.Read",39,0,0.24,0.00,
"Caller","MyNetworkStream.Read","MySql.Data.MySqlClient.TimedStream.Read",39,0,0.24,0.00,
"Callee","MyNetworkStream.Read","[clr.dll]",3,3,0.02,0.02,
"Callee","MyNetworkStream.Read","[System.ni.dll]",36,36,0.22,0.22,
"Root","MyNetworkStream.Write","MyNetworkStream.Write",45,0,0.28,0.00,
"Caller","MyNetworkStream.Write","MySql.Data.MySqlClient.TimedStream.Write",45,0,0.28,0.00,
"Callee","MyNetworkStream.Write","[System.ni.dll]",45,45,0.28,0.28,
"Root","MySql.Data.Common.StreamCreator.CreateSocketStream","MySql.Data.Common.StreamCreator.CreateSocketStream",61,0,0.38,0.00,
"Caller","MySql.Data.Common.StreamCreator.CreateSocketStream","MySql.Data.Common.StreamCreator.GetStream",61,0,0.38,0.00,
"Callee","MySql.Data.Common.StreamCreator.CreateSocketStream","[mscorlib.ni.dll]",55,55,0.34,0.34,
"Callee","MySql.Data.Common.StreamCreator.CreateSocketStream","[System.ni.dll]",6,6,0.04,0.04,
"Root","MySql.Data.Common.StreamCreator.GetStream","MySql.Data.Common.StreamCreator.GetStream",62,0,0.38,0.00,
"Caller","MySql.Data.Common.StreamCreator.GetStream","MySql.Data.MySqlClient.NativeDriver.Open",62,0,0.38,0.00,
"Callee","MySql.Data.Common.StreamCreator.GetStream","[clr.dll]",1,1,0.01,0.01,
"Callee","MySql.Data.Common.StreamCreator.GetStream","MySql.Data.Common.StreamCreator.CreateSocketStream",61,0,0.38,0.00,
"Root","MySql.Data.MySqlClient.CharSetMap.GetCharacterSet","MySql.Data.MySqlClient.CharSetMap.GetCharacterSet",3,0,0.02,0.00,
"Caller","MySql.Data.MySqlClient.CharSetMap.GetCharacterSet","MySql.Data.MySqlClient.CharSetMap.GetEncoding",1,0,0.01,0.00,
"Caller","MySql.Data.MySqlClient.CharSetMap.GetCharacterSet","MySql.Data.MySqlClient.MySqlField.SetFieldEncoding",2,0,0.01,0.00,
"Callee","MySql.Data.MySqlClient.CharSetMap.GetCharacterSet","[mscorlib.ni.dll]",3,3,0.02,0.02,
"Root","MySql.Data.MySqlClient.CharSetMap.GetEncoding","MySql.Data.MySqlClient.CharSetMap.GetEncoding",1,0,0.01,0.00,
"Caller","MySql.Data.MySqlClient.CharSetMap.GetEncoding","MySql.Data.MySqlClient.MySqlField.SetFieldEncoding",1,0,0.01,0.00,
"Callee","MySql.Data.MySqlClient.CharSetMap.GetEncoding","MySql.Data.MySqlClient.CharSetMap.GetCharacterSet",1,0,0.01,0.00,
"Root","MySql.Data.MySqlClient.Driver.Close","MySql.Data.MySqlClient.Driver.Close",3,0,0.02,0.00,
"Caller","MySql.Data.MySqlClient.Driver.Close","MySql.Data.MySqlClient.NativeDriver.ReadOk",3,0,0.02,0.00,
"Callee","MySql.Data.MySqlClient.Driver.Close","MySql.Data.MySqlClient.Driver.Dispose",2,0,0.01,0.00,
"Callee","MySql.Data.MySqlClient.Driver.Close","MySql.Data.MySqlClient.MySqlPoolManager.RemoveConnection",1,0,0.01,0.00,
"Root","MySql.Data.MySqlClient.Driver.Configure","MySql.Data.MySqlClient.Driver.Configure",1,0,0.01,0.00,
"Caller","MySql.Data.MySqlClient.Driver.Configure","MySql.Data.MySqlClient.MySqlConnection.Open",1,0,0.01,0.00,
"Callee","MySql.Data.MySqlClient.Driver.Configure","MySql.Data.MySqlClient.MySqlCommand.ExecuteNonQuery",1,0,0.01,0.00,
"Root","MySql.Data.MySqlClient.Driver.Create","MySql.Data.MySqlClient.Driver.Create",64,0,0.40,0.00,
"Caller","MySql.Data.MySqlClient.Driver.Create","MySql.Data.MySqlClient.MySqlPool.GetPooledConnection",64,0,0.40,0.00,
"Callee","MySql.Data.MySqlClient.Driver.Create","MySql.Data.MySqlClient.Driver.Open",64,0,0.40,0.00,
"Root","MySql.Data.MySqlClient.Driver.Dispose","MySql.Data.MySqlClient.Driver.Dispose",2,0,0.01,0.00,
"Caller","MySql.Data.MySqlClient.Driver.Dispose","MySql.Data.MySqlClient.Driver.Close",2,0,0.01,0.00,
"Callee","MySql.Data.MySqlClient.Driver.Dispose","[clr.dll]",1,1,0.01,0.01,
"Callee","MySql.Data.MySqlClient.Driver.Dispose","MySql.Data.MySqlClient.NativeDriver.Close",1,0,0.01,0.00,
"Root","MySql.Data.MySqlClient.Driver.GetColumns","MySql.Data.MySqlClient.Driver.GetColumns",17,1,0.11,0.01,
"Caller","MySql.Data.MySqlClient.Driver.GetColumns","MySql.Data.MySqlClient.ResultSet.LoadColumns",17,1,0.11,0.01,
"Callee","MySql.Data.MySqlClient.Driver.GetColumns","[clr.dll]",1,1,0.01,0.01,
"Callee","MySql.Data.MySqlClient.Driver.GetColumns","MySql.Data.MySqlClient.NativeDriver.GetColumnsData",15,0,0.09,0.00,
"Root","MySql.Data.MySqlClient.Driver.GetResult","MySql.Data.MySqlClient.Driver.GetResult",8,0,0.05,0.00,
"Caller","MySql.Data.MySqlClient.Driver.GetResult","MySql.Data.MySqlClient.Driver.NextResult",8,0,0.05,0.00,
"Callee","MySql.Data.MySqlClient.Driver.GetResult","MySql.Data.MySqlClient.NativeDriver.GetResult",8,0,0.05,0.00,
"Root","MySql.Data.MySqlClient.Driver.NextResult","MySql.Data.MySqlClient.Driver.NextResult",32,0,0.20,0.00,
"Caller","MySql.Data.MySqlClient.Driver.NextResult","MySql.Data.MySqlClient.MySqlDataReader.NextResult",32,0,0.20,0.00,
"Callee","MySql.Data.MySqlClient.Driver.NextResult","MySql.Data.MySqlClient.Driver.GetResult",8,0,0.05,0.00,
"Callee","MySql.Data.MySqlClient.Driver.NextResult","MySql.Data.MySqlClient.ResultSet..ctor",24,0,0.15,0.00,
"Root","MySql.Data.MySqlClient.Driver.Open","MySql.Data.MySqlClient.Driver.Open",64,0,0.40,0.00,
"Caller","MySql.Data.MySqlClient.Driver.Open","MySql.Data.MySqlClient.Driver.Create",64,0,0.40,0.00,
"Callee","MySql.Data.MySqlClient.Driver.Open","MySql.Data.MySqlClient.NativeDriver.Open",64,0,0.40,0.00,
"Root","MySql.Data.MySqlClient.Driver.SendQuery","MySql.Data.MySqlClient.Driver.SendQuery",18,0,0.11,0.00,
"Caller","MySql.Data.MySqlClient.Driver.SendQuery","MySql.Data.MySqlClient.Statement.ExecuteNext",18,0,0.11,0.00,
"Callee","MySql.Data.MySqlClient.Driver.SendQuery","MySql.Data.MySqlClient.NativeDriver.SendQuery",18,0,0.11,0.00,
"Root","MySql.Data.MySqlClient.Driver.SetDatabase","MySql.Data.MySqlClient.Driver.SetDatabase",22,0,0.14,0.00,
"Caller","MySql.Data.MySqlClient.Driver.SetDatabase","MySql.Data.MySqlClient.MySqlConnection.ChangeDatabase",22,0,0.14,0.00,
"Callee","MySql.Data.MySqlClient.Driver.SetDatabase","MySql.Data.MySqlClient.NativeDriver.SetDatabase",22,0,0.14,0.00,
"Root","MySql.Data.MySqlClient.MySqlCommand.ExecuteDbDataReader","MySql.Data.MySqlClient.MySqlCommand.ExecuteDbDataReader",65,0,0.40,0.00,
"Caller","MySql.Data.MySqlClient.MySqlCommand.ExecuteDbDataReader","[System.Data.ni.dll]",65,0,0.40,0.00,
"Callee","MySql.Data.MySqlClient.MySqlCommand.ExecuteDbDataReader","MySql.Data.MySqlClient.MySqlCommand.ExecuteReader",65,0,0.40,0.00,
"Root","MySql.Data.MySqlClient.MySqlCommand.ExecuteNonQuery","MySql.Data.MySqlClient.MySqlCommand.ExecuteNonQuery",1,0,0.01,0.00,
"Caller","MySql.Data.MySqlClient.MySqlCommand.ExecuteNonQuery","MySql.Data.MySqlClient.Driver.Configure",1,0,0.01,0.00,
"Callee","MySql.Data.MySqlClient.MySqlCommand.ExecuteNonQuery","MySql.Data.MySqlClient.MySqlCommand.ExecuteReader",1,0,0.01,0.00,
"Root","MySql.Data.MySqlClient.MySqlCommand.ExecuteReader","MySql.Data.MySqlClient.MySqlCommand.ExecuteReader",66,0,0.41,0.00,
"Caller","MySql.Data.MySqlClient.MySqlCommand.ExecuteReader","MySql.Data.MySqlClient.MySqlCommand.ExecuteDbDataReader",65,0,0.40,0.00,
"Caller","MySql.Data.MySqlClient.MySqlCommand.ExecuteReader","MySql.Data.MySqlClient.MySqlCommand.ExecuteNonQuery",1,0,0.01,0.00,
"Callee","MySql.Data.MySqlClient.MySqlCommand.ExecuteReader","MySql.Data.MySqlClient.MySqlDataReader.NextResult",32,0,0.20,0.00,
"Callee","MySql.Data.MySqlClient.MySqlCommand.ExecuteReader","MySql.Data.MySqlClient.PreparableStatement.Execute",16,0,0.10,0.00,
"Callee","MySql.Data.MySqlClient.MySqlCommand.ExecuteReader","MySql.Data.MySqlClient.PreparableStatement.ExecuteNext",18,0,0.11,0.00,
"Root","MySql.Data.MySqlClient.MySqlConnection.ChangeDatabase","MySql.Data.MySqlClient.MySqlConnection.ChangeDatabase",23,0,0.14,0.00,
"Caller","MySql.Data.MySqlClient.MySqlConnection.ChangeDatabase","MySql.Data.MySqlClient.MySqlConnection.Open",23,0,0.14,0.00,
"Callee","MySql.Data.MySqlClient.MySqlConnection.ChangeDatabase","[System.Transactions.ni.dll]",1,1,0.01,0.01,
"Callee","MySql.Data.MySqlClient.MySqlConnection.ChangeDatabase","MySql.Data.MySqlClient.Driver.SetDatabase",22,0,0.14,0.00,
"Root","MySql.Data.MySqlClient.MySqlConnection.Close","MySql.Data.MySqlClient.MySqlConnection.Close",4,0,0.02,0.00,
"Caller","MySql.Data.MySqlClient.MySqlConnection.Close","VRCM.connection_module.call_disconnect",4,0,0.02,0.00,
"Callee","MySql.Data.MySqlClient.MySqlConnection.Close","MySql.Data.MySqlClient.MySqlPoolManager.ReleaseConnection",4,0,0.02,0.00,
"Root","MySql.Data.MySqlClient.MySqlConnection.get_State","MySql.Data.MySqlClient.MySqlConnection.get_State",3,3,0.02,0.02,
"Caller","MySql.Data.MySqlClient.MySqlConnection.get_State","VRCM.connection_module.call_disconnect",1,1,0.01,0.01,
"Caller","MySql.Data.MySqlClient.MySqlConnection.get_State","VRCM.connection_module.mysql_data_str",2,2,0.01,0.01,
"Root","MySql.Data.MySqlClient.MySqlConnection.Open","MySql.Data.MySqlClient.MySqlConnection.Open",163,0,1.01,0.00,
"Caller","MySql.Data.MySqlClient.MySqlConnection.Open","VRCM.connection_module.call_connect",163,0,1.01,0.00,
"Callee","MySql.Data.MySqlClient.MySqlConnection.Open","[clr.dll]",4,4,0.02,0.02,
"Callee","MySql.Data.MySqlClient.MySqlConnection.Open","[System.Transactions.ni.dll]",1,1,0.01,0.01,
"Callee","MySql.Data.MySqlClient.MySqlConnection.Open","MySql.Data.MySqlClient.Driver.Configure",1,0,0.01,0.00,
"Callee","MySql.Data.MySqlClient.MySqlConnection.Open","MySql.Data.MySqlClient.MySqlConnection.ChangeDatabase",23,0,0.14,0.00,
"Callee","MySql.Data.MySqlClient.MySqlConnection.Open","MySql.Data.MySqlClient.MySqlPool.GetConnection",133,0,0.82,0.00,
"Callee","MySql.Data.MySqlClient.MySqlConnection.Open","MySql.Data.MySqlClient.PerformanceMonitor..ctor",1,0,0.01,0.00,
"Root","MySql.Data.MySqlClient.MySqlConnectionStringBuilder.get_ConnectionReset","MySql.Data.MySqlClient.MySqlConnectionStringBuilder.get_ConnectionReset",1,0,0.01,0.00,
"Caller","MySql.Data.MySqlClient.MySqlConnectionStringBuilder.get_ConnectionReset","MySql.Data.MySqlClient.MySqlPool.TryToGetDriver",1,0,0.01,0.00,
"Callee","MySql.Data.MySqlClient.MySqlConnectionStringBuilder.get_ConnectionReset","[mscorlib.ni.dll]",1,1,0.01,0.01,
"Root","MySql.Data.MySqlClient.MySqlDataReader.NextResult","MySql.Data.MySqlClient.MySqlDataReader.NextResult",32,0,0.20,0.00,
"Caller","MySql.Data.MySqlClient.MySqlDataReader.NextResult","MySql.Data.MySqlClient.MySqlCommand.ExecuteReader",32,0,0.20,0.00,
"Callee","MySql.Data.MySqlClient.MySqlDataReader.NextResult","MySql.Data.MySqlClient.Driver.NextResult",32,0,0.20,0.00,
"Root","MySql.Data.MySqlClient.MySqlField.SetFieldEncoding","MySql.Data.MySqlClient.MySqlField.SetFieldEncoding",6,0,0.04,0.00,
"Caller","MySql.Data.MySqlClient.MySqlField.SetFieldEncoding","MySql.Data.MySqlClient.NativeDriver.GetColumnData",6,0,0.04,0.00,
"Callee","MySql.Data.MySqlClient.MySqlField.SetFieldEncoding","[mscorlib.ni.dll]",3,3,0.02,0.02,
"Callee","MySql.Data.MySqlClient.MySqlField.SetFieldEncoding","MySql.Data.MySqlClient.CharSetMap.GetCharacterSet",2,0,0.01,0.00,
"Callee","MySql.Data.MySqlClient.MySqlField.SetFieldEncoding","MySql.Data.MySqlClient.CharSetMap.GetEncoding",1,0,0.01,0.00,
"Root","MySql.Data.MySqlClient.MySqlPacket.ReadLong","MySql.Data.MySqlClient.MySqlPacket.ReadLong",2,0,0.01,0.00,
"Caller","MySql.Data.MySqlClient.MySqlPacket.ReadLong","MySql.Data.MySqlClient.NativeDriver.ReadOk",2,0,0.01,0.00,
"Callee","MySql.Data.MySqlClient.MySqlPacket.ReadLong","[mscorlib.ni.dll]",2,2,0.01,0.01,
"Root","MySql.Data.MySqlClient.MySqlPacket.ReadString","MySql.Data.MySqlClient.MySqlPacket.ReadString",7,1,0.04,0.01,
"Caller","MySql.Data.MySqlClient.MySqlPacket.ReadString","MySql.Data.MySqlClient.NativeDriver.GetColumnData",7,1,0.04,0.01,
"Callee","MySql.Data.MySqlClient.MySqlPacket.ReadString","[mscorlib.ni.dll]",6,6,0.04,0.04,
"Root","MySql.Data.MySqlClient.MySqlPool.EnqueueIdle","MySql.Data.MySqlClient.MySqlPool.EnqueueIdle",1,0,0.01,0.00,
"Caller","MySql.Data.MySqlClient.MySqlPool.EnqueueIdle","MySql.Data.MySqlClient.MySqlPool.ReleaseConnection",1,0,0.01,0.00,
"Callee","MySql.Data.MySqlClient.MySqlPool.EnqueueIdle","[mscorlib.ni.dll]",1,1,0.01,0.01,
"Root","MySql.Data.MySqlClient.MySqlPool.GetConnection","MySql.Data.MySqlClient.MySqlPool.GetConnection",133,0,0.82,0.00,
"Caller","MySql.Data.MySqlClient.MySqlPool.GetConnection","MySql.Data.MySqlClient.MySqlConnection.Open",133,0,0.82,0.00,
"Callee","MySql.Data.MySqlClient.MySqlPool.GetConnection","MySql.Data.MySqlClient.MySqlPool.TryToGetDriver",133,0,0.82,0.00,
"Root","MySql.Data.MySqlClient.MySqlPool.GetPooledConnection","MySql.Data.MySqlClient.MySqlPool.GetPooledConnection",126,0,0.78,0.00,
"Caller","MySql.Data.MySqlClient.MySqlPool.GetPooledConnection","MySql.Data.MySqlClient.MySqlPool.TryToGetDriver",126,0,0.78,0.00,
"Callee","MySql.Data.MySqlClient.MySqlPool.GetPooledConnection","MySql.Data.MySqlClient.Driver.Create",64,0,0.40,0.00,
"Callee","MySql.Data.MySqlClient.MySqlPool.GetPooledConnection","MySql.Data.MySqlClient.NativeDriver.Ping",62,0,0.38,0.00,
"Root","MySql.Data.MySqlClient.MySqlPool.ReleaseConnection","MySql.Data.MySqlClient.MySqlPool.ReleaseConnection",4,1,0.02,0.01,
"Caller","MySql.Data.MySqlClient.MySqlPool.ReleaseConnection","MySql.Data.MySqlClient.MySqlPoolManager.ReleaseConnection",4,1,0.02,0.01,
"Callee","MySql.Data.MySqlClient.MySqlPool.ReleaseConnection","[mscorlib.ni.dll]",2,2,0.01,0.01,
"Callee","MySql.Data.MySqlClient.MySqlPool.ReleaseConnection","MySql.Data.MySqlClient.MySqlPool.EnqueueIdle",1,0,0.01,0.00,
"Root","MySql.Data.MySqlClient.MySqlPool.TryToGetDriver","MySql.Data.MySqlClient.MySqlPool.TryToGetDriver",133,0,0.82,0.00,
"Caller","MySql.Data.MySqlClient.MySqlPool.TryToGetDriver","MySql.Data.MySqlClient.MySqlPool.GetConnection",133,0,0.82,0.00,
"Callee","MySql.Data.MySqlClient.MySqlPool.TryToGetDriver","[clr.dll]",3,3,0.02,0.02,
"Callee","MySql.Data.MySqlClient.MySqlPool.TryToGetDriver","MySql.Data.MySqlClient.MySqlConnectionStringBuilder.get_ConnectionReset",1,0,0.01,0.00,
"Callee","MySql.Data.MySqlClient.MySqlPool.TryToGetDriver","MySql.Data.MySqlClient.MySqlPool.GetPooledConnection",126,0,0.78,0.00,
"Callee","MySql.Data.MySqlClient.MySqlPool.TryToGetDriver","MySql.Data.MySqlClient.MySqlTrace.LogError",2,1,0.01,0.01,
"Callee","MySql.Data.MySqlClient.MySqlPool.TryToGetDriver","MySql.Data.MySqlClient.NativeDriver.ResetTimeout",1,1,0.01,0.01,
"Root","MySql.Data.MySqlClient.MySqlPoolManager.CleanIdleConnections","MySql.Data.MySqlClient.MySqlPoolManager.CleanIdleConnections",1,0,0.01,0.00,
"Callee","MySql.Data.MySqlClient.MySqlPoolManager.CleanIdleConnections","[clr.dll]",1,1,0.01,0.01,
"Root","MySql.Data.MySqlClient.MySqlPoolManager.ReleaseConnection","MySql.Data.MySqlClient.MySqlPoolManager.ReleaseConnection",4,0,0.02,0.00,
"Caller","MySql.Data.MySqlClient.MySqlPoolManager.ReleaseConnection","MySql.Data.MySqlClient.MySqlConnection.Close",4,0,0.02,0.00,
"Callee","MySql.Data.MySqlClient.MySqlPoolManager.ReleaseConnection","MySql.Data.MySqlClient.MySqlPool.ReleaseConnection",4,1,0.02,0.01,
"Root","MySql.Data.MySqlClient.MySqlPoolManager.RemoveConnection","MySql.Data.MySqlClient.MySqlPoolManager.RemoveConnection",1,0,0.01,0.00,
"Caller","MySql.Data.MySqlClient.MySqlPoolManager.RemoveConnection","MySql.Data.MySqlClient.Driver.Close",1,0,0.01,0.00,
"Callee","MySql.Data.MySqlClient.MySqlPoolManager.RemoveConnection","[clr.dll]",1,1,0.01,0.01,
"Root","MySql.Data.MySqlClient.MySqlStream.LoadPacket","MySql.Data.MySqlClient.MySqlStream.LoadPacket",49,1,0.30,0.01,
"Caller","MySql.Data.MySqlClient.MySqlStream.LoadPacket","MySql.Data.MySqlClient.MySqlStream.ReadPacket",49,1,0.30,0.01,
"Callee","MySql.Data.MySqlClient.MySqlStream.LoadPacket","[clr.dll]",1,1,0.01,0.01,
"Callee","MySql.Data.MySqlClient.MySqlStream.LoadPacket","MySql.Data.MySqlClient.MySqlStream.ReadFully",47,1,0.29,0.01,
"Root","MySql.Data.MySqlClient.MySqlStream.ReadFully","MySql.Data.MySqlClient.MySqlStream.ReadFully",47,1,0.29,0.01,
"Caller","MySql.Data.MySqlClient.MySqlStream.ReadFully","MySql.Data.MySqlClient.MySqlStream.LoadPacket",47,1,0.29,0.01,
"Callee","MySql.Data.MySqlClient.MySqlStream.ReadFully","[mscorlib.ni.dll]",46,2,0.29,0.01,
"Root","MySql.Data.MySqlClient.MySqlStream.ReadPacket","MySql.Data.MySqlClient.MySqlStream.ReadPacket",49,0,0.30,0.00,
"Caller","MySql.Data.MySqlClient.MySqlStream.ReadPacket","MySql.Data.MySqlClient.NativeDriver.GetColumnData",1,0,0.01,0.00,
"Caller","MySql.Data.MySqlClient.MySqlStream.ReadPacket","MySql.Data.MySqlClient.NativeDriver.GetResult",8,0,0.05,0.00,
"Caller","MySql.Data.MySqlClient.MySqlStream.ReadPacket","MySql.Data.MySqlClient.NativeDriver.ReadOk",40,0,0.25,0.00,
"Callee","MySql.Data.MySqlClient.MySqlStream.ReadPacket","MySql.Data.MySqlClient.MySqlStream.LoadPacket",49,1,0.30,0.01,
"Root","MySql.Data.MySqlClient.MySqlStream.SendPacket","MySql.Data.MySqlClient.MySqlStream.SendPacket",56,0,0.35,0.00,
"Caller","MySql.Data.MySqlClient.MySqlStream.SendPacket","MySql.Data.MySqlClient.NativeDriver.ExecutePacket",56,0,0.35,0.00,
"Callee","MySql.Data.MySqlClient.MySqlStream.SendPacket","MySql.Data.MySqlClient.TimedStream.Write",56,1,0.35,0.01,
"Root","MySql.Data.MySqlClient.MySqlTokenizer.FindToken","MySql.Data.MySqlClient.MySqlTokenizer.FindToken",1,0,0.01,0.00,
"Caller","MySql.Data.MySqlClient.MySqlTokenizer.FindToken","MySql.Data.MySqlClient.MySqlTokenizer.NextToken",1,0,0.01,0.00,
"Callee","MySql.Data.MySqlClient.MySqlTokenizer.FindToken","[mscorlib.ni.dll]",1,1,0.01,0.01,
"Root","MySql.Data.MySqlClient.MySqlTokenizer.NextToken","MySql.Data.MySqlClient.MySqlTokenizer.NextToken",11,0,0.07,0.00,
"Caller","MySql.Data.MySqlClient.MySqlTokenizer.NextToken","MySql.Data.MySqlClient.Statement.InternalBindParameters",11,0,0.07,0.00,
"Callee","MySql.Data.MySqlClient.MySqlTokenizer.NextToken","[mscorlib.ni.dll]",10,10,0.06,0.06,
"Callee","MySql.Data.MySqlClient.MySqlTokenizer.NextToken","MySql.Data.MySqlClient.MySqlTokenizer.FindToken",1,0,0.01,0.00,
"Root","MySql.Data.MySqlClient.MySqlTrace.LogError","MySql.Data.MySqlClient.MySqlTrace.LogError",2,1,0.01,0.01,
"Caller","MySql.Data.MySqlClient.MySqlTrace.LogError","MySql.Data.MySqlClient.MySqlPool.TryToGetDriver",2,1,0.01,0.01,
"Callee","MySql.Data.MySqlClient.MySqlTrace.LogError","[System.ni.dll]",1,1,0.01,0.01,
"Root","MySql.Data.MySqlClient.NativeDriver.Close","MySql.Data.MySqlClient.NativeDriver.Close",1,0,0.01,0.00,
"Caller","MySql.Data.MySqlClient.NativeDriver.Close","MySql.Data.MySqlClient.Driver.Dispose",1,0,0.01,0.00,
"Callee","MySql.Data.MySqlClient.NativeDriver.Close","MySql.Data.MySqlClient.NativeDriver.ExecutePacket",1,0,0.01,0.00,
"Root","MySql.Data.MySqlClient.NativeDriver.ExecutePacket","MySql.Data.MySqlClient.NativeDriver.ExecutePacket",56,0,0.35,0.00,
"Caller","MySql.Data.MySqlClient.NativeDriver.ExecutePacket","MySql.Data.MySqlClient.NativeDriver.Close",1,0,0.01,0.00,
"Caller","MySql.Data.MySqlClient.NativeDriver.ExecutePacket","MySql.Data.MySqlClient.NativeDriver.Ping",25,0,0.15,0.00,
"Caller","MySql.Data.MySqlClient.NativeDriver.ExecutePacket","MySql.Data.MySqlClient.NativeDriver.SendQuery",18,0,0.11,0.00,
"Caller","MySql.Data.MySqlClient.NativeDriver.ExecutePacket","MySql.Data.MySqlClient.NativeDriver.SetDatabase",12,0,0.07,0.00,
"Callee","MySql.Data.MySqlClient.NativeDriver.ExecutePacket","MySql.Data.MySqlClient.MySqlStream.SendPacket",56,0,0.35,0.00,
"Root","MySql.Data.MySqlClient.NativeDriver.GetColumnData","MySql.Data.MySqlClient.NativeDriver.GetColumnData",15,0,0.09,0.00,
"Caller","MySql.Data.MySqlClient.NativeDriver.GetColumnData","MySql.Data.MySqlClient.NativeDriver.GetColumnsData",15,0,0.09,0.00,
"Callee","MySql.Data.MySqlClient.NativeDriver.GetColumnData","[mscorlib.ni.dll]",1,1,0.01,0.01,
"Callee","MySql.Data.MySqlClient.NativeDriver.GetColumnData","MySql.Data.MySqlClient.MySqlField.SetFieldEncoding",6,0,0.04,0.00,
"Callee","MySql.Data.MySqlClient.NativeDriver.GetColumnData","MySql.Data.MySqlClient.MySqlPacket.ReadString",7,1,0.04,0.01,
"Callee","MySql.Data.MySqlClient.NativeDriver.GetColumnData","MySql.Data.MySqlClient.MySqlStream.ReadPacket",1,0,0.01,0.00,
"Root","MySql.Data.MySqlClient.NativeDriver.GetColumnsData","MySql.Data.MySqlClient.NativeDriver.GetColumnsData",15,0,0.09,0.00,
"Caller","MySql.Data.MySqlClient.NativeDriver.GetColumnsData","MySql.Data.MySqlClient.Driver.GetColumns",15,0,0.09,0.00,
"Callee","MySql.Data.MySqlClient.NativeDriver.GetColumnsData","MySql.Data.MySqlClient.NativeDriver.GetColumnData",15,0,0.09,0.00,
"Root","MySql.Data.MySqlClient.NativeDriver.GetResult","MySql.Data.MySqlClient.NativeDriver.GetResult",8,0,0.05,0.00,
"Caller","MySql.Data.MySqlClient.NativeDriver.GetResult","MySql.Data.MySqlClient.Driver.GetResult",8,0,0.05,0.00,
"Callee","MySql.Data.MySqlClient.NativeDriver.GetResult","MySql.Data.MySqlClient.MySqlStream.ReadPacket",8,0,0.05,0.00,
"Root","MySql.Data.MySqlClient.NativeDriver.Open","MySql.Data.MySqlClient.NativeDriver.Open",64,0,0.40,0.00,
"Caller","MySql.Data.MySqlClient.NativeDriver.Open","MySql.Data.MySqlClient.Driver.Open",64,0,0.40,0.00,
"Callee","MySql.Data.MySqlClient.NativeDriver.Open","[clr.dll]",2,2,0.01,0.01,
"Callee","MySql.Data.MySqlClient.NativeDriver.Open","MySql.Data.Common.StreamCreator.GetStream",62,0,0.38,0.00,
"Root","MySql.Data.MySqlClient.NativeDriver.Ping","MySql.Data.MySqlClient.NativeDriver.Ping",62,0,0.38,0.00,
"Caller","MySql.Data.MySqlClient.NativeDriver.Ping","MySql.Data.MySqlClient.MySqlPool.GetPooledConnection",62,0,0.38,0.00,
"Callee","MySql.Data.MySqlClient.NativeDriver.Ping","MySql.Data.MySqlClient.NativeDriver.ExecutePacket",25,0,0.15,0.00,
"Callee","MySql.Data.MySqlClient.NativeDriver.Ping","MySql.Data.MySqlClient.NativeDriver.ReadOk",37,0,0.23,0.00,
"Root","MySql.Data.MySqlClient.NativeDriver.ReadOk","MySql.Data.MySqlClient.NativeDriver.ReadOk",46,0,0.29,0.00,
"Caller","MySql.Data.MySqlClient.NativeDriver.ReadOk","MySql.Data.MySqlClient.NativeDriver.Ping",37,0,0.23,0.00,
"Caller","MySql.Data.MySqlClient.NativeDriver.ReadOk","MySql.Data.MySqlClient.NativeDriver.SetDatabase",9,0,0.06,0.00,
"Callee","MySql.Data.MySqlClient.NativeDriver.ReadOk","[clr.dll]",1,1,0.01,0.01,
"Callee","MySql.Data.MySqlClient.NativeDriver.ReadOk","MySql.Data.MySqlClient.Driver.Close",3,0,0.02,0.00,
"Callee","MySql.Data.MySqlClient.NativeDriver.ReadOk","MySql.Data.MySqlClient.MySqlPacket.ReadLong",2,0,0.01,0.00,
"Callee","MySql.Data.MySqlClient.NativeDriver.ReadOk","MySql.Data.MySqlClient.MySqlStream.ReadPacket",40,0,0.25,0.00,
"Root","MySql.Data.MySqlClient.NativeDriver.ResetTimeout","MySql.Data.MySqlClient.NativeDriver.ResetTimeout",1,1,0.01,0.01,
"Caller","MySql.Data.MySqlClient.NativeDriver.ResetTimeout","MySql.Data.MySqlClient.MySqlPool.TryToGetDriver",1,1,0.01,0.01,
"Root","MySql.Data.MySqlClient.NativeDriver.SendQuery","MySql.Data.MySqlClient.NativeDriver.SendQuery",18,0,0.11,0.00,
"Caller","MySql.Data.MySqlClient.NativeDriver.SendQuery","MySql.Data.MySqlClient.Driver.SendQuery",18,0,0.11,0.00,
"Callee","MySql.Data.MySqlClient.NativeDriver.SendQuery","MySql.Data.MySqlClient.NativeDriver.ExecutePacket",18,0,0.11,0.00,
"Root","MySql.Data.MySqlClient.NativeDriver.SetDatabase","MySql.Data.MySqlClient.NativeDriver.SetDatabase",22,0,0.14,0.00,
"Caller","MySql.Data.MySqlClient.NativeDriver.SetDatabase","MySql.Data.MySqlClient.Driver.SetDatabase",22,0,0.14,0.00,
"Callee","MySql.Data.MySqlClient.NativeDriver.SetDatabase","[mscorlib.ni.dll]",1,1,0.01,0.01,
"Callee","MySql.Data.MySqlClient.NativeDriver.SetDatabase","MySql.Data.MySqlClient.NativeDriver.ExecutePacket",12,0,0.07,0.00,
"Callee","MySql.Data.MySqlClient.NativeDriver.SetDatabase","MySql.Data.MySqlClient.NativeDriver.ReadOk",9,0,0.06,0.00,
"Root","MySql.Data.MySqlClient.PerformanceMonitor..ctor","MySql.Data.MySqlClient.PerformanceMonitor..ctor",1,0,0.01,0.00,
"Caller","MySql.Data.MySqlClient.PerformanceMonitor..ctor","MySql.Data.MySqlClient.MySqlConnection.Open",1,0,0.01,0.00,
"Callee","MySql.Data.MySqlClient.PerformanceMonitor..ctor","MySql.Data.MySqlClient.Properties.Resources.get_PerfMonCategoryName",1,0,0.01,0.00,
"Root","MySql.Data.MySqlClient.PreparableStatement.Execute","MySql.Data.MySqlClient.PreparableStatement.Execute",16,0,0.10,0.00,
"Caller","MySql.Data.MySqlClient.PreparableStatement.Execute","MySql.Data.MySqlClient.MySqlCommand.ExecuteReader",16,0,0.10,0.00,
"Callee","MySql.Data.MySqlClient.PreparableStatement.Execute","MySql.Data.MySqlClient.Statement.BindParameters",16,0,0.10,0.00,
"Root","MySql.Data.MySqlClient.PreparableStatement.ExecuteNext","MySql.Data.MySqlClient.PreparableStatement.ExecuteNext",18,0,0.11,0.00,
"Caller","MySql.Data.MySqlClient.PreparableStatement.ExecuteNext","MySql.Data.MySqlClient.MySqlCommand.ExecuteReader",18,0,0.11,0.00,
"Callee","MySql.Data.MySqlClient.PreparableStatement.ExecuteNext","MySql.Data.MySqlClient.Statement.ExecuteNext",18,0,0.11,0.00,
"Root","MySql.Data.MySqlClient.Properties.Resources.get_PerfMonCategoryName","MySql.Data.MySqlClient.Properties.Resources.get_PerfMonCategoryName",1,0,0.01,0.00,
"Caller","MySql.Data.MySqlClient.Properties.Resources.get_PerfMonCategoryName","MySql.Data.MySqlClient.PerformanceMonitor..ctor",1,0,0.01,0.00,
"Callee","MySql.Data.MySqlClient.Properties.Resources.get_PerfMonCategoryName","[mscorlib.ni.dll]",1,1,0.01,0.01,
"Root","MySql.Data.MySqlClient.ResultSet..ctor","MySql.Data.MySqlClient.ResultSet..ctor",24,0,0.15,0.00,
"Caller","MySql.Data.MySqlClient.ResultSet..ctor","MySql.Data.MySqlClient.Driver.NextResult",24,0,0.15,0.00,
"Callee","MySql.Data.MySqlClient.ResultSet..ctor","[mscorlib.ni.dll]",4,4,0.02,0.02,
"Callee","MySql.Data.MySqlClient.ResultSet..ctor","MySql.Data.MySqlClient.ResultSet.LoadColumns",20,0,0.12,0.00,
"Root","MySql.Data.MySqlClient.ResultSet.LoadColumns","MySql.Data.MySqlClient.ResultSet.LoadColumns",20,0,0.12,0.00,
"Caller","MySql.Data.MySqlClient.ResultSet.LoadColumns","MySql.Data.MySqlClient.ResultSet..ctor",20,0,0.12,0.00,
"Callee","MySql.Data.MySqlClient.ResultSet.LoadColumns","[mscorlib.ni.dll]",3,3,0.02,0.02,
"Callee","MySql.Data.MySqlClient.ResultSet.LoadColumns","MySql.Data.MySqlClient.Driver.GetColumns",17,1,0.11,0.01,
"Root","MySql.Data.MySqlClient.Statement.BindParameters","MySql.Data.MySqlClient.Statement.BindParameters",16,0,0.10,0.00,
"Caller","MySql.Data.MySqlClient.Statement.BindParameters","MySql.Data.MySqlClient.PreparableStatement.Execute",16,0,0.10,0.00,
"Callee","MySql.Data.MySqlClient.Statement.BindParameters","MySql.Data.MySqlClient.Statement.InternalBindParameters",16,2,0.10,0.01,
"Root","MySql.Data.MySqlClient.Statement.ExecuteNext","MySql.Data.MySqlClient.Statement.ExecuteNext",18,0,0.11,0.00,
"Caller","MySql.Data.MySqlClient.Statement.ExecuteNext","MySql.Data.MySqlClient.PreparableStatement.ExecuteNext",18,0,0.11,0.00,
"Callee","MySql.Data.MySqlClient.Statement.ExecuteNext","MySql.Data.MySqlClient.Driver.SendQuery",18,0,0.11,0.00,
"Root","MySql.Data.MySqlClient.Statement.InternalBindParameters","MySql.Data.MySqlClient.Statement.InternalBindParameters",16,2,0.10,0.01,
"Caller","MySql.Data.MySqlClient.Statement.InternalBindParameters","MySql.Data.MySqlClient.Statement.BindParameters",16,2,0.10,0.01,
"Callee","MySql.Data.MySqlClient.Statement.InternalBindParameters","[mscorlib.ni.dll]",3,3,0.02,0.02,
"Callee","MySql.Data.MySqlClient.Statement.InternalBindParameters","MySql.Data.MySqlClient.MySqlTokenizer.NextToken",11,0,0.07,0.00,
"Root","MySql.Data.MySqlClient.TimedStream.Read","MySql.Data.MySqlClient.TimedStream.Read",44,0,0.27,0.00,
"Caller","MySql.Data.MySqlClient.TimedStream.Read","[mscorlib.ni.dll]",44,0,0.27,0.00,
"Callee","MySql.Data.MySqlClient.TimedStream.Read","[System.ni.dll]",1,1,0.01,0.01,
"Callee","MySql.Data.MySqlClient.TimedStream.Read","MyNetworkStream.Read",39,0,0.24,0.00,
"Callee","MySql.Data.MySqlClient.TimedStream.Read","MySql.Data.MySqlClient.TimedStream.StartTimer",3,0,0.02,0.00,
"Callee","MySql.Data.MySqlClient.TimedStream.Read","MySql.Data.MySqlClient.TimedStream.StopTimer",1,0,0.01,0.00,
"Root","MySql.Data.MySqlClient.TimedStream.StartTimer","MySql.Data.MySqlClient.TimedStream.StartTimer",13,0,0.08,0.00,
"Caller","MySql.Data.MySqlClient.TimedStream.StartTimer","MySql.Data.MySqlClient.TimedStream.Read",3,0,0.02,0.00,
"Caller","MySql.Data.MySqlClient.TimedStream.StartTimer","MySql.Data.MySqlClient.TimedStream.Write",10,0,0.06,0.00,
"Callee","MySql.Data.MySqlClient.TimedStream.StartTimer","[System.ni.dll]",13,13,0.08,0.08,
"Root","MySql.Data.MySqlClient.TimedStream.StopTimer","MySql.Data.MySqlClient.TimedStream.StopTimer",1,0,0.01,0.00,
"Caller","MySql.Data.MySqlClient.TimedStream.StopTimer","MySql.Data.MySqlClient.TimedStream.Read",1,0,0.01,0.00,
"Callee","MySql.Data.MySqlClient.TimedStream.StopTimer","[KernelBase.dll]",1,1,0.01,0.01,
"Root","MySql.Data.MySqlClient.TimedStream.Write","MySql.Data.MySqlClient.TimedStream.Write",56,1,0.35,0.01,
"Caller","MySql.Data.MySqlClient.TimedStream.Write","MySql.Data.MySqlClient.MySqlStream.SendPacket",56,1,0.35,0.01,
"Callee","MySql.Data.MySqlClient.TimedStream.Write","MyNetworkStream.Write",45,0,0.28,0.00,
"Callee","MySql.Data.MySqlClient.TimedStream.Write","MySql.Data.MySqlClient.TimedStream.StartTimer",10,0,0.06,0.00,
"Root","VRCM.connection_module.call_connect","VRCM.connection_module.call_connect",164,0,1.02,0.00,
"Caller","VRCM.connection_module.call_connect","VRCM.connection_module.mysql_data_str",164,0,1.02,0.00,
"Callee","VRCM.connection_module.call_connect","[System.Transactions.ni.dll]",1,1,0.01,0.01,
"Callee","VRCM.connection_module.call_connect","MySql.Data.MySqlClient.MySqlConnection.Open",163,0,1.01,0.00,
"Root","VRCM.connection_module.call_disconnect","VRCM.connection_module.call_disconnect",5,0,0.03,0.00,
"Caller","VRCM.connection_module.call_disconnect","VRCM.connection_module.mysql_data_str",5,0,0.03,0.00,
"Callee","VRCM.connection_module.call_disconnect","MySql.Data.MySqlClient.MySqlConnection.Close",4,0,0.02,0.00,
"Callee","VRCM.connection_module.call_disconnect","MySql.Data.MySqlClient.MySqlConnection.get_State",1,1,0.01,0.01,
"Root","VRCM.connection_module.mysql_data_str","VRCM.connection_module.mysql_data_str",310,2,1.92,0.01,
"Caller","VRCM.connection_module.mysql_data_str","VRCM.loc.Button1_Click_1",1,0,0.01,0.00,
"Caller","VRCM.connection_module.mysql_data_str","VRCM.loc.update_break_details",6,0,0.04,0.00,
"Caller","VRCM.connection_module.mysql_data_str","VRCM.public_declaration.get_emp_id_from_full_name",1,0,0.01,0.00,
"Caller","VRCM.connection_module.mysql_data_str","VRCM.public_declaration.get_server_time",6,0,0.04,0.00,
"Caller","VRCM.connection_module.mysql_data_str","VRCM.veeBOT.get_messenger_message",97,1,0.60,0.01,
"Caller","VRCM.connection_module.mysql_data_str","VRCM.veeBOT.Remainder_Tick",191,1,1.18,0.01,
"Caller","VRCM.connection_module.mysql_data_str","VRCM.veeBOT.SystemEvents_Sessionswitch",8,0,0.05,0.00,
"Callee","VRCM.connection_module.mysql_data_str","[System.Data.ni.dll]",81,16,0.50,0.10,
"Callee","VRCM.connection_module.mysql_data_str","[System.Windows.Forms.ni.dll]",7,0,0.04,0.00,
"Callee","VRCM.connection_module.mysql_data_str","MySql.Data.MySqlClient.MySqlConnection.get_State",2,2,0.01,0.01,
"Callee","VRCM.connection_module.mysql_data_str","VRCM.connection_module.call_connect",164,0,1.02,0.00,
"Callee","VRCM.connection_module.mysql_data_str","VRCM.connection_module.call_disconnect",5,0,0.03,0.00,
"Callee","VRCM.connection_module.mysql_data_str","VRCM.My.MyProject+MyForms.get_loc",49,0,0.30,0.00,
"Root","VRCM.IdleTime.get_IdleTime","VRCM.IdleTime.get_IdleTime",8,4,0.05,0.02,
"Caller","VRCM.IdleTime.get_IdleTime","[Microsoft.VisualBasic.ni.dll]",2,2,0.01,0.01,
"Caller","VRCM.IdleTime.get_IdleTime","VRCM.veeBOT.sec_refresh_Tick",6,2,0.04,0.01,
"Callee","VRCM.IdleTime.get_IdleTime","[clr.dll]",2,2,0.01,0.01,
"Callee","VRCM.IdleTime.get_IdleTime","[mscorlib.ni.dll]",1,1,0.01,0.01,
"Callee","VRCM.IdleTime.get_IdleTime","dynamicClass.IL_STUB_PInvoke",1,1,0.01,0.01,
"Root","VRCM.loc..ctor","VRCM.loc..ctor",167,0,1.04,0.00,
"Caller","VRCM.loc..ctor","[mscorlib.ni.dll]",167,0,1.04,0.00,
"Callee","VRCM.loc..ctor","[mscorlib.ni.dll]",25,25,0.15,0.15,
"Callee","VRCM.loc..ctor","[System.Windows.Forms.ni.dll]",6,6,0.04,0.04,
"Callee","VRCM.loc..ctor","VRCM.loc.InitializeComponent",136,0,0.84,0.00,
"Root","VRCM.loc.Button1_Click_1","VRCM.loc.Button1_Click_1",75,0,0.46,0.00,
"Caller","VRCM.loc.Button1_Click_1","[Microsoft.VisualBasic.ni.dll]",75,0,0.46,0.00,
"Callee","VRCM.loc.Button1_Click_1","[clr.dll]",1,0,0.01,0.00,
"Callee","VRCM.loc.Button1_Click_1","[System.Windows.Forms.ni.dll]",43,2,0.27,0.01,
"Callee","VRCM.loc.Button1_Click_1","VRCM.connection_module.mysql_data_str",1,0,0.01,0.00,
"Callee","VRCM.loc.Button1_Click_1","VRCM.loc.update_break_details",29,0,0.18,0.00,
"Callee","VRCM.loc.Button1_Click_1","VRCM.public_declaration.get_server_time",1,0,0.01,0.00,
"Root","VRCM.loc.Dispose","VRCM.loc.Dispose",48,0,0.30,0.00,
"Caller","VRCM.loc.Dispose","[System.Windows.Forms.ni.dll]",48,0,0.30,0.00,
"Callee","VRCM.loc.Dispose","[System.ni.dll]",8,8,0.05,0.05,
"Callee","VRCM.loc.Dispose","[System.Windows.Forms.ni.dll]",40,40,0.25,0.25,
"Root","VRCM.loc.get_Label4","VRCM.loc.get_Label4",1,1,0.01,0.01,
"Caller","VRCM.loc.get_Label4","[Microsoft.VisualBasic.ni.dll]",1,1,0.01,0.01,
"Root","VRCM.loc.InitializeComponent","VRCM.loc.InitializeComponent",136,0,0.84,0.00,
"Caller","VRCM.loc.InitializeComponent","VRCM.loc..ctor",136,0,0.84,0.00,
"Callee","VRCM.loc.InitializeComponent","[clr.dll]",1,1,0.01,0.01,
"Callee","VRCM.loc.InitializeComponent","[System.Drawing.ni.dll]",3,3,0.02,0.02,
"Callee","VRCM.loc.InitializeComponent","[System.Windows.Forms.ni.dll]",131,131,0.81,0.81,
"Callee","VRCM.loc.InitializeComponent","VRCM.loc.set_Panel6",1,1,0.01,0.01,
"Root","VRCM.loc.load_combo","VRCM.loc.load_combo",84,0,0.52,0.00,
"Caller","VRCM.loc.load_combo","VRCM.loc.loc_Load",84,0,0.52,0.00,
"Callee","VRCM.loc.load_combo","[System.Windows.Forms.ni.dll]",84,84,0.52,0.52,
"Root","VRCM.loc.loc_Load","VRCM.loc.loc_Load",145,0,0.90,0.00,
"Caller","VRCM.loc.loc_Load","[System.Windows.Forms.ni.dll]",145,0,0.90,0.00,
"Callee","VRCM.loc.loc_Load","[clr.dll]",1,1,0.01,0.01,
"Callee","VRCM.loc.loc_Load","[System.Windows.Forms.ni.dll]",60,60,0.37,0.37,
"Callee","VRCM.loc.loc_Load","VRCM.loc.load_combo",84,0,0.52,0.00,
"Root","VRCM.loc.set_Panel6","VRCM.loc.set_Panel6",1,1,0.01,0.01,
"Caller","VRCM.loc.set_Panel6","VRCM.loc.InitializeComponent",1,1,0.01,0.01,
"Root","VRCM.loc.Timer1_Tick","VRCM.loc.Timer1_Tick",37,10,0.23,0.06,
"Caller","VRCM.loc.Timer1_Tick","[Microsoft.VisualBasic.ni.dll]",37,10,0.23,0.06,
"Callee","VRCM.loc.Timer1_Tick","[Microsoft.VisualBasic.ni.dll]",21,21,0.13,0.13,
"Callee","VRCM.loc.Timer1_Tick","[mscorlib.ni.dll]",6,6,0.04,0.04,
"Root","VRCM.loc.update_break_details","VRCM.loc.update_break_details",29,0,0.18,0.00,
"Caller","VRCM.loc.update_break_details","VRCM.loc.Button1_Click_1",29,0,0.18,0.00,
"Callee","VRCM.loc.update_break_details","[Microsoft.VisualBasic.ni.dll]",3,3,0.02,0.02,
"Callee","VRCM.loc.update_break_details","[mscorlib.ni.dll]",20,20,0.12,0.12,
"Callee","VRCM.loc.update_break_details","VRCM.connection_module.mysql_data_str",6,0,0.04,0.00,
"Root","VRCM.Messenger..ctor","VRCM.Messenger..ctor",5,0,0.03,0.00,
"Caller","VRCM.Messenger..ctor","VRCM.public_declaration.create_messengers",5,0,0.03,0.00,
"Callee","VRCM.Messenger..ctor","[clr.dll]",2,2,0.01,0.01,
"Callee","VRCM.Messenger..ctor","VRCM.Messenger.InitializeComponent",3,0,0.02,0.00,
"Root","VRCM.Messenger.Dispose","VRCM.Messenger.Dispose",1,0,0.01,0.00,
"Caller","VRCM.Messenger.Dispose","[Microsoft.VisualBasic.ni.dll]",1,0,0.01,0.00,
"Callee","VRCM.Messenger.Dispose","[System.Windows.Forms.ni.dll]",1,1,0.01,0.01,
"Root","VRCM.Messenger.InitializeComponent","VRCM.Messenger.InitializeComponent",3,0,0.02,0.00,
"Caller","VRCM.Messenger.InitializeComponent","VRCM.Messenger..ctor",3,0,0.02,0.00,
"Callee","VRCM.Messenger.InitializeComponent","[clr.dll]",2,2,0.01,0.01,
"Callee","VRCM.Messenger.InitializeComponent","[System.Windows.Forms.ni.dll]",1,1,0.01,0.01,
"Root","VRCM.Messenger.Messenger_Load","VRCM.Messenger.Messenger_Load",3,0,0.02,0.00,
"Caller","VRCM.Messenger.Messenger_Load","[System.Windows.Forms.ni.dll]",3,0,0.02,0.00,
"Callee","VRCM.Messenger.Messenger_Load","[clr.dll]",1,1,0.01,0.01,
"Callee","VRCM.Messenger.Messenger_Load","[System.Windows.Forms.ni.dll]",1,1,0.01,0.01,
"Callee","VRCM.Messenger.Messenger_Load","VRCM.public_declaration.get_emp_id_from_full_name",1,0,0.01,0.00,
"Root","VRCM.My.MyApplication.Main","VRCM.My.MyApplication.Main","16,045",0,99.47,0.00,
"Callee","VRCM.My.MyApplication.Main","[Microsoft.VisualBasic.ni.dll]","16,045","14,433",99.47,89.47,
"Root","VRCM.My.MyProject.get_Forms","VRCM.My.MyProject.get_Forms",1,0,0.01,0.00,
"Caller","VRCM.My.MyProject.get_Forms","VRCM.veeBOT.Insert_Tracking_Data",1,0,0.01,0.00,
"Callee","VRCM.My.MyProject.get_Forms","VRCM.My.MyProject+ThreadSafeObjectProvider`1[System.__Canon].get_GetInstance",1,1,0.01,0.01,
"Root","VRCM.My.MyProject+MyForms.Create__Instance__","VRCM.My.MyProject+MyForms.Create__Instance__",177,0,1.10,0.00,
"Caller","VRCM.My.MyProject+MyForms.Create__Instance__","VRCM.My.MyProject+MyForms.get_loc",167,0,1.04,0.00,
"Caller","VRCM.My.MyProject+MyForms.Create__Instance__","VRCM.My.MyProject+MyForms.get_NativeMethods",10,0,0.06,0.00,
"Callee","VRCM.My.MyProject+MyForms.Create__Instance__","[mscorlib.ni.dll]",177,1,1.10,0.01,
"Root","VRCM.My.MyProject+MyForms.get_loc","VRCM.My.MyProject+MyForms.get_loc",167,0,1.04,0.00,
"Caller","VRCM.My.MyProject+MyForms.get_loc","VRCM.connection_module.mysql_data_str",49,0,0.30,0.00,
"Caller","VRCM.My.MyProject+MyForms.get_loc","VRCM.veeBOT.Insert_Tracking_Data",118,0,0.73,0.00,
"Callee","VRCM.My.MyProject+MyForms.get_loc","VRCM.My.MyProject+MyForms.Create__Instance__",167,0,1.04,0.00,
"Root","VRCM.My.MyProject+MyForms.get_NativeMethods","VRCM.My.MyProject+MyForms.get_NativeMethods",10,0,0.06,0.00,
"Caller","VRCM.My.MyProject+MyForms.get_NativeMethods","VRCM.veeBOT.sec_refresh_Tick",10,0,0.06,0.00,
"Callee","VRCM.My.MyProject+MyForms.get_NativeMethods","VRCM.My.MyProject+MyForms.Create__Instance__",10,0,0.06,0.00,
"Root","VRCM.My.MyProject+ThreadSafeObjectProvider`1[System.__Canon].get_GetInstance","VRCM.My.MyProject+ThreadSafeObjectProvider`1[System.__Canon].get_GetInstance",1,1,0.01,0.01,
"Caller","VRCM.My.MyProject+ThreadSafeObjectProvider`1[System.__Canon].get_GetInstance","VRCM.My.MyProject.get_Forms",1,1,0.01,0.01,
"Root","VRCM.NativeMethods..ctor","VRCM.NativeMethods..ctor",9,0,0.06,0.00,
"Caller","VRCM.NativeMethods..ctor","[mscorlib.ni.dll]",9,0,0.06,0.00,
"Callee","VRCM.NativeMethods..ctor","[clr.dll]",1,0,0.01,0.00,
"Callee","VRCM.NativeMethods..ctor","VRCM.NativeMethods.InitializeComponent",8,0,0.05,0.00,
"Root","VRCM.NativeMethods.activate_lock_screen","VRCM.NativeMethods.activate_lock_screen",1,0,0.01,0.00,
"Caller","VRCM.NativeMethods.activate_lock_screen","VRCM.NativeMethods.Windows_Lock_Load",1,0,0.01,0.00,
"Callee","VRCM.NativeMethods.activate_lock_screen","[System.Windows.Forms.ni.dll]",1,1,0.01,0.01,
"Root","VRCM.NativeMethods.Dispose","VRCM.NativeMethods.Dispose",11,0,0.07,0.00,
"Caller","VRCM.NativeMethods.Dispose","[System.Windows.Forms.ni.dll]",11,0,0.07,0.00,
"Callee","VRCM.NativeMethods.Dispose","[System.Windows.Forms.ni.dll]",11,11,0.07,0.07,
"Root","VRCM.NativeMethods.InitializeComponent","VRCM.NativeMethods.InitializeComponent",8,0,0.05,0.00,
"Caller","VRCM.NativeMethods.InitializeComponent","VRCM.NativeMethods..ctor",8,0,0.05,0.00,
"Callee","VRCM.NativeMethods.InitializeComponent","[clr.dll]",3,3,0.02,0.02,
"Callee","VRCM.NativeMethods.InitializeComponent","[System.Drawing.ni.dll]",1,1,0.01,0.01,
"Callee","VRCM.NativeMethods.InitializeComponent","[System.Windows.Forms.ni.dll]",4,4,0.02,0.02,
"Root","VRCM.NativeMethods.Timer1_Tick","VRCM.NativeMethods.Timer1_Tick",11,0,0.07,0.00,
"Caller","VRCM.NativeMethods.Timer1_Tick","[Microsoft.VisualBasic.ni.dll]",11,0,0.07,0.00,
"Callee","VRCM.NativeMethods.Timer1_Tick","[System.Windows.Forms.ni.dll]",11,0,0.07,0.00,
"Root","VRCM.NativeMethods.Windows_Lock_Load","VRCM.NativeMethods.Windows_Lock_Load",9,0,0.06,0.00,
"Caller","VRCM.NativeMethods.Windows_Lock_Load","[System.Windows.Forms.ni.dll]",9,0,0.06,0.00,
"Callee","VRCM.NativeMethods.Windows_Lock_Load","[System.Windows.Forms.ni.dll]",8,8,0.05,0.05,
"Callee","VRCM.NativeMethods.Windows_Lock_Load","VRCM.NativeMethods.activate_lock_screen",1,0,0.01,0.00,
"Root","VRCM.public_declaration.create_messengers","VRCM.public_declaration.create_messengers",22,0,0.14,0.00,
"Caller","VRCM.public_declaration.create_messengers","VRCM.veeBOT.get_messenger_message",22,0,0.14,0.00,
"Callee","VRCM.public_declaration.create_messengers","[System.Windows.Forms.ni.dll]",17,14,0.11,0.09,
"Callee","VRCM.public_declaration.create_messengers","VRCM.Messenger..ctor",5,0,0.03,0.00,
"Root","VRCM.public_declaration.get_emp_id_from_full_name","VRCM.public_declaration.get_emp_id_from_full_name",1,0,0.01,0.00,
"Caller","VRCM.public_declaration.get_emp_id_from_full_name","VRCM.Messenger.Messenger_Load",1,0,0.01,0.00,
"Callee","VRCM.public_declaration.get_emp_id_from_full_name","VRCM.connection_module.mysql_data_str",1,0,0.01,0.00,
"Root","VRCM.public_declaration.get_server_time","VRCM.public_declaration.get_server_time",7,0,0.04,0.00,
"Caller","VRCM.public_declaration.get_server_time","VRCM.loc.Button1_Click_1",1,0,0.01,0.00,
"Caller","VRCM.public_declaration.get_server_time","VRCM.veeBOT.SystemEvents_Sessionswitch",6,0,0.04,0.00,
"Callee","VRCM.public_declaration.get_server_time","[mscorlib.ni.dll]",1,1,0.01,0.01,
"Callee","VRCM.public_declaration.get_server_time","VRCM.connection_module.mysql_data_str",6,0,0.04,0.00,
"Root","VRCM.public_declaration.mysql_date_format","VRCM.public_declaration.mysql_date_format",2,0,0.01,0.00,
"Caller","VRCM.public_declaration.mysql_date_format","VRCM.veeBOT.Remainder_Tick",2,0,0.01,0.00,
"Callee","VRCM.public_declaration.mysql_date_format","[Microsoft.VisualBasic.ni.dll]",1,1,0.01,0.01,
"Callee","VRCM.public_declaration.mysql_date_format","[mscorlib.ni.dll]",1,1,0.01,0.01,
"Root","VRCM.public_declaration.Trim_Replace","VRCM.public_declaration.Trim_Replace",3,1,0.02,0.01,
"Caller","VRCM.public_declaration.Trim_Replace","VRCM.veeBOT.App_Timer_Tick",1,1,0.01,0.01,
"Caller","VRCM.public_declaration.Trim_Replace","VRCM.veeBOT.Insert_Tracking_Data",2,0,0.01,0.00,
"Callee","VRCM.public_declaration.Trim_Replace","[clr.dll]",1,1,0.01,0.01,
"Callee","VRCM.public_declaration.Trim_Replace","[mscorlib.ni.dll]",1,1,0.01,0.01,
"Root","VRCM.veeBOT.App_Timer_Tick","VRCM.veeBOT.App_Timer_Tick",358,3,2.22,0.02,
"Caller","VRCM.veeBOT.App_Timer_Tick","[Microsoft.VisualBasic.ni.dll]",358,3,2.22,0.02,
"Callee","VRCM.veeBOT.App_Timer_Tick","[clr.dll]",3,3,0.02,0.02,
"Callee","VRCM.veeBOT.App_Timer_Tick","[kernel32.dll]",1,1,0.01,0.01,
"Callee","VRCM.veeBOT.App_Timer_Tick","[Microsoft.VisualBasic.ni.dll]",11,11,0.07,0.07,
"Callee","VRCM.veeBOT.App_Timer_Tick","[mscorlib.ni.dll]",4,4,0.02,0.02,
"Callee","VRCM.veeBOT.App_Timer_Tick","dynamicClass.IL_STUB_PInvoke",21,21,0.13,0.13,
"Callee","VRCM.veeBOT.App_Timer_Tick","VRCM.public_declaration.Trim_Replace",1,1,0.01,0.01,
"Callee","VRCM.veeBOT.App_Timer_Tick","VRCM.veeBOT.GetWindowTitle",98,0,0.61,0.00,
"Callee","VRCM.veeBOT.App_Timer_Tick","VRCM.veeBOT.Insert_Tracking_Data",216,1,1.34,0.01,
"Root","VRCM.veeBOT.auto_sign_out","VRCM.veeBOT.auto_sign_out",1,0,0.01,0.00,
"Caller","VRCM.veeBOT.auto_sign_out","VRCM.veeBOT.auto_signout_Tick",1,0,0.01,0.00,
"Callee","VRCM.veeBOT.auto_sign_out","[Microsoft.VisualBasic.ni.dll]",1,1,0.01,0.01,
"Root","VRCM.veeBOT.auto_signout_Tick","VRCM.veeBOT.auto_signout_Tick",4,0,0.02,0.00,
"Caller","VRCM.veeBOT.auto_signout_Tick","[Microsoft.VisualBasic.ni.dll]",4,0,0.02,0.00,
"Callee","VRCM.veeBOT.auto_signout_Tick","[clr.dll]",3,3,0.02,0.02,
"Callee","VRCM.veeBOT.auto_signout_Tick","VRCM.veeBOT.auto_sign_out",1,0,0.01,0.00,
"Root","VRCM.veeBOT.get_lbl_lock","VRCM.veeBOT.get_lbl_lock",3,3,0.02,0.02,
"Caller","VRCM.veeBOT.get_lbl_lock","[Microsoft.VisualBasic.ni.dll]",2,2,0.01,0.01,
"Caller","VRCM.veeBOT.get_lbl_lock","VRCM.veeBOT.Timer1_Tick",1,1,0.01,0.01,
"Root","VRCM.veeBOT.get_messenger_message","VRCM.veeBOT.get_messenger_message",124,0,0.77,0.00,
"Caller","VRCM.veeBOT.get_messenger_message","VRCM.veeBOT.Messenger_Refresh",124,0,0.77,0.00,
"Callee","VRCM.veeBOT.get_messenger_message","[clr.dll]",1,1,0.01,0.01,
"Callee","VRCM.veeBOT.get_messenger_message","[System.Windows.Forms.ni.dll]",4,4,0.02,0.02,
"Callee","VRCM.veeBOT.get_messenger_message","VRCM.connection_module.mysql_data_str",97,1,0.60,0.01,
"Callee","VRCM.veeBOT.get_messenger_message","VRCM.public_declaration.create_messengers",22,0,0.14,0.00,
"Root","VRCM.veeBOT.get_sbar_ist","VRCM.veeBOT.get_sbar_ist",1,1,0.01,0.01,
"Caller","VRCM.veeBOT.get_sbar_ist","[Microsoft.VisualBasic.ni.dll]",1,1,0.01,0.01,
"Root","VRCM.veeBOT.GetWindowTitle","VRCM.veeBOT.GetWindowTitle",98,0,0.61,0.00,
"Caller","VRCM.veeBOT.GetWindowTitle","VRCM.veeBOT.App_Timer_Tick",98,0,0.61,0.00,
"Callee","VRCM.veeBOT.GetWindowTitle","[clr.dll]",2,2,0.01,0.01,
"Callee","VRCM.veeBOT.GetWindowTitle","[Microsoft.VisualBasic.ni.dll]",5,5,0.03,0.03,
"Callee","VRCM.veeBOT.GetWindowTitle","[mscorlib.ni.dll]",14,14,0.09,0.09,
"Callee","VRCM.veeBOT.GetWindowTitle","[user32.dll]",1,1,0.01,0.01,
"Callee","VRCM.veeBOT.GetWindowTitle","dynamicClass.IL_STUB_PInvoke",34,34,0.21,0.21,
"Callee","VRCM.veeBOT.GetWindowTitle","dynamicClass.IL_STUB_PInvoke",42,42,0.26,0.26,
"Root","VRCM.veeBOT.hlk_Messenger","VRCM.veeBOT.hlk_Messenger",1,0,0.01,0.00,
"Callee","VRCM.veeBOT.hlk_Messenger","[mscorlib.ni.dll]",1,1,0.01,0.01,
"Root","VRCM.veeBOT.Insert_Tracking_Data","VRCM.veeBOT.Insert_Tracking_Data",216,1,1.34,0.01,
"Caller","VRCM.veeBOT.Insert_Tracking_Data","VRCM.veeBOT.App_Timer_Tick",216,1,1.34,0.01,
"Callee","VRCM.veeBOT.Insert_Tracking_Data","[System.Windows.Forms.ni.dll]",94,94,0.58,0.58,
"Callee","VRCM.veeBOT.Insert_Tracking_Data","VRCM.My.MyProject.get_Forms",1,0,0.01,0.00,
"Callee","VRCM.veeBOT.Insert_Tracking_Data","VRCM.My.MyProject+MyForms.get_loc",118,0,0.73,0.00,
"Callee","VRCM.veeBOT.Insert_Tracking_Data","VRCM.public_declaration.Trim_Replace",2,0,0.01,0.00,
"Root","VRCM.veeBOT.Messenger_Refresh","VRCM.veeBOT.Messenger_Refresh",128,0,0.79,0.00,
"Caller","VRCM.veeBOT.Messenger_Refresh","[Microsoft.VisualBasic.ni.dll]",128,0,0.79,0.00,
"Callee","VRCM.veeBOT.Messenger_Refresh","[clr.dll]",3,3,0.02,0.02,
"Callee","VRCM.veeBOT.Messenger_Refresh","[ntdll.dll]",1,1,0.01,0.01,
"Callee","VRCM.veeBOT.Messenger_Refresh","VRCM.veeBOT.get_messenger_message",124,0,0.77,0.00,
"Root","VRCM.veeBOT.Remainder_Tick","VRCM.veeBOT.Remainder_Tick",197,1,1.22,0.01,
"Caller","VRCM.veeBOT.Remainder_Tick","[Microsoft.VisualBasic.ni.dll]",197,1,1.22,0.01,
"Callee","VRCM.veeBOT.Remainder_Tick","[Microsoft.VisualBasic.ni.dll]",2,2,0.01,0.01,
"Callee","VRCM.veeBOT.Remainder_Tick","[mscorlib.ni.dll]",1,1,0.01,0.01,
"Callee","VRCM.veeBOT.Remainder_Tick","VRCM.connection_module.mysql_data_str",191,1,1.18,0.01,
"Callee","VRCM.veeBOT.Remainder_Tick","VRCM.public_declaration.mysql_date_format",2,0,0.01,0.00,
"Root","VRCM.veeBOT.sec_refresh_Tick","VRCM.veeBOT.sec_refresh_Tick",367,11,2.28,0.07,
"Caller","VRCM.veeBOT.sec_refresh_Tick","[Microsoft.VisualBasic.ni.dll]",367,11,2.28,0.07,
"Callee","VRCM.veeBOT.sec_refresh_Tick","[clr.dll]",10,10,0.06,0.06,
"Callee","VRCM.veeBOT.sec_refresh_Tick","[kernel32.dll]",2,2,0.01,0.01,
"Callee","VRCM.veeBOT.sec_refresh_Tick","[Microsoft.VisualBasic.ni.dll]",265,265,1.64,1.64,
"Callee","VRCM.veeBOT.sec_refresh_Tick","[mscorlib.ni.dll]",6,6,0.04,0.04,
"Callee","VRCM.veeBOT.sec_refresh_Tick","[System.Windows.Forms.ni.dll]",57,48,0.35,0.30,
"Callee","VRCM.veeBOT.sec_refresh_Tick","VRCM.IdleTime.get_IdleTime",6,2,0.04,0.01,
"Callee","VRCM.veeBOT.sec_refresh_Tick","VRCM.My.MyProject+MyForms.get_NativeMethods",10,0,0.06,0.00,
"Root","VRCM.veeBOT.SystemEvents_Sessionswitch","VRCM.veeBOT.SystemEvents_Sessionswitch",407,0,2.52,0.00,
"Caller","VRCM.veeBOT.SystemEvents_Sessionswitch","[Microsoft.VisualBasic.ni.dll]",407,0,2.52,0.00,
"Callee","VRCM.veeBOT.SystemEvents_Sessionswitch","[Microsoft.VisualBasic.ni.dll]",1,1,0.01,0.01,
"Callee","VRCM.veeBOT.SystemEvents_Sessionswitch","[System.Windows.Forms.ni.dll]",392,245,2.43,1.52,
"Callee","VRCM.veeBOT.SystemEvents_Sessionswitch","VRCM.connection_module.mysql_data_str",8,0,0.05,0.00,
"Callee","VRCM.veeBOT.SystemEvents_Sessionswitch","VRCM.public_declaration.get_server_time",6,0,0.04,0.00,
"Root","VRCM.veeBOT.Timer1_Tick","VRCM.veeBOT.Timer1_Tick",9,8,0.06,0.05,
"Caller","VRCM.veeBOT.Timer1_Tick","[Microsoft.VisualBasic.ni.dll]",9,8,0.06,0.05,
"Callee","VRCM.veeBOT.Timer1_Tick","VRCM.veeBOT.get_lbl_lock",1,1,0.01,0.01,
